darija_ar,eng,p1_transl,eng_p1_transl,p2_transl,eng_p2_transl,p3_transl,eng_p3_transl,p4_transl,eng_p4_transl,p5_transl,eng_p5_transl
هشيش,fragile,Fragile,Fragile,Fragile,Fragile,Fragile,Fragile,Fragile,Fragile,Fragile,fragile
شاعل,angry,Bright,Bright,Bright,Bright,Energetic,Radiant,Lit,Bright,playful,active
ضاصر,naughty,Stubborn,Tight,Tired,Stingy,Stubborn,Stubborn,Stubborn,Stubborn,Stubborn,Stubborn
مدمن,addicted,Addicted,Addicted,Addicted,Addicted,Addicted,Addicted,Addicted,Addicted,addicted,addicted
غبيّ,stupid,Stupid,Stupid,Stupid,Stupid,Stupid,Stupid,Stupid,Stupid,silly,stupid
مكلّخ,stupid,Stubborn,Greedy,Stubborn,Greedy,Stubborn,Messy,Stubborn,Greedy,Messy,messy
مجلّج,stupid,Shiny,Shiny,Confused,Confused,Shiny,Shiny,Stubborn,Confused,Confused,confused
كبير,big,Big,Big,Big,big,Big,Big,Big,Big,huge,big
صغير,small,Small,Small,Small,small,Small,Small,Tiny,Small,small,small
مهرّس,broken,Crushed,Crushed,Crushed,Confused,Crushed,Confused,Crushed,Confused,Determined,confused
مملّ,boring,Boring,Boring,Boring,Boring,Boring,Boring,Boring,Boring,boring,boring
صلع,bald,Bald,Bald,Bald,Bald,Bald,Bald,Bald,Bald,bald,bald
غليض,fat,Thick,Thick,Thick,Thick,Thick,Thick,Thick,Thick,Tall,stubborn
طبّوزي,fat,Stubborn,Stubborn,Stubborn,Stubborn,Funny,Stubborn,Sneaky,Stubborn,clumsy,stubborn
رقيق,thin,Delicate,Delicate,Delicate,Delicate,Delicate,Delicate,Delicate,Delicate,delicate,delicate
طويل,tall,Tall,Tall,Tall,Tall,Tall,Tall,Tall,Tall,tall,tall
قصير,short,Short,Short,Short,Short,Short,Short,Short,Short,short,short
زوين,beautiful,Nice,Beautiful,Beautiful,Beautiful,Nice,Beautiful,Nice,Beautiful,beautiful,beautiful
بوڭوص,handsome,Stubborn,Confused,Clumsy,Confused,Funny,Confused,Stubborn,Generous,Clumsy,stubborn
خايب,ugly,Disappointed,Disappointed,Disappointed,Disappointed,Disappointed,Disappointed,Disappointed,Disappointed,disappointed,disappointed
هبيل,crazy,Silly,Silly,Silly,Silly,Silly,Silly,Clumsy,Silly,Silly,silly
مصطّي,crazy,Stylish,Stylish,Messy,Stylish,Stubborn,Stylish,Stubborn,Stubborn,stubborn,stubborn
عامر,full,Crowded,Full,Full,Full,Generous,Full,Generous,Full,generous,full
جديد,new,Fresh,New,New,New,Fresh,New,Fresh,New,fresh,new
قديم,old,Old,Old,Old,Old,Ancient,Old,Ancient,Old,old,old
شارف,old,Close,Proud,Close,Proud,Close,Close,Charming,Proud,close,close
صعيب,hard,Difficult,Difficult,Difficult,Difficult,Difficult,Difficult,Tough,Difficult,difficult,difficult
قاسح,hard,Harsh,Harsh,Harsh,Harsh,Rude,Harsh,Rude,Harsh,Generous,bitter
ساهل,easy,Easy,Easy,Easy,Easy,Easy,Easy,Easy,Easy,Easy,easy
معطّل,late,Disabled,Lazy,Disabled,Lazy,Lazy,Lazy,Lazy,Lazy,lazy,lazy
حقيقية,real,Authentic,Real,Real,Real,Authentic,Genuine,Authentic,Realistic,authentic,real
عادي,normal,Normal,Normal,Normal,Normal,Normal,Normal,Chill,Normal,normal,normal
ڭادّ,able,Stubborn,Serious,Stubborn,Serious,Stubborn,Serious,Sneaky,Serious,stubborn,stubborn
بسيط,simple,Simple,Simple,Simple,Simple,Simple,Simple,Simple,Simple,Simple,simple
معقّد,complex,Complicated,Complicated,Complicated,Complicated,Complicated,Complicated,Complicated,Complicated,Complicated,complicated
تقيل,slow,Heavy,Heavy,Heavy,Heavy,Heavy,Heavy,Heavy,Heavy,heavy,heavy
تقيل,heavy,Heavy,Heavy,Heavy,Heavy,Heavy,Heavy,Heavy,Heavy,heavy,heavy
واسع,wide,Spacious,Spacious,Spacious,Spacious,Spacious,Spacious,Generous,Spacious,spacious,spacious
ناشط,happy,Activist,Active,Activist,Active,Activist,Active,Active,Active,active,active
نقي,clean,Pure,Pure,Pure,Pure,Pure,Pure,Sharp,Pure,pure,pure
خايب,bad,Disappointed,Disappointed,Disappointed,Disappointed,Disappointed,Disappointed,Disappointed,Disappointed,disappointed,disappointed
عادل,fair,Fair,Fair,Fair,Fair,Fair,Fair,Cool,Fair,fair,fair
غني,rich,Rich,Rich,Rich,Rich,Rich,Rich,Wealthy,Rich,wealthy,rich
فقير,poor,Poor,Poor,Poor,Poor,Poor,Poor,Broke,Poor,poor,poor
طبيعي,natural,Normal,Natural,Normal,Natural,Natural,Natural,Natural,Natural,normal,natural
مفروق,separate,Separated,Different,Separated,Different,Separated,Distinct,Stubborn,Distinct,confused,separated
مشهور,famous,Famous,Famous,Famous,Famous,Famous,Famous,Famous,Famous,famous,famous
فرحان,glad,Happy,Happy,Happy,Happy,Happy,Happy,Happy,Happy,happy,happy
دوريجين,original,Daring,Moroccan,Dorigine,Moroccan,Authentic,Moroccan,Authentic,Moroccan,mysterious,confused
خايف,afraid,Scared,Afraid,Scared,Afraid,Scared,Afraid,Scared,Scared,scared,scared
ضخم,huge,Big,Huge,Huge,Huge,Massive,Huge,Massive,Huge,huge,huge
عملاق,giant,Giant,Giant,Giant,Gigantic,Giant,Giant,Giant,Giant,gigantic,gigantic
زاهي,cheerful,Beautiful,Radiant,Beautiful,Vibrant,Elegant,Gorgeous,Stylish,Bright,elegant,radiant
فخور,proud,Proud,Proud,Proud,Proud,Proud,Proud,Proud,Proud,proud,proud
راضي,satisfied,Satisfied,Satisfied,Satisfied,Satisfied,Satisfied,Satisfied,Satisfied,Satisfied,satisfied,satisfied
حزين,sad,Sad,Sad,Sad,Sad,Sad,Sad,Sad,Sad,sad,sad
نادم,regretful,Regretful,Regretful,Regretful,Regretful,Regretful,Regretful,Regretful,Regretful,remorseful,regretful
مكتئب,depressed,Depressed,Depressed,Depressed,Depressed,Depressed,Depressed,Downcast,Depressed,depressed,depressed
مسكين,miserable,Poor,Poor,Poor,Poor,Poor,Poor,Poor,Poor,pitiful,poor
مرتاح,comfortable,Content,Comfortable,Content,Comfortable,Comfortable,Relaxed,Chill,Comfortable,content,relaxed
مشغول,busy,Busy,Busy,Busy,Busy,Busy,Busy,Busy,Busy,busy,busy
مشطون,worried,Irritated,Annoyed,Combed,Annoyed,Combed,Annoyed,Untidy,Irritated,Generous,annoying
معصّب,nervous,Irritated,Irritated,Irritated,Irritated,Irritated,Irritated,Irritated,Irritated,irritated,irritated
غضبان,angry,Angry,Angry,Angry,Angry,Angry,Angry,Angry,Angry,furious,angry
مرڭ,embarrassed,Handsome,Bitter,Tired,Bitter,Crazy,Bitter,Stubborn,Bitter,handsome,handsome
حشمان,shy,Shy,Dignified,Modest,Dignified,Modest,Dignified,Modest,Respectful,Respectful,respectful
كالم,calm,Likeable,Soft,Likeable,Soft,Funny,Generous,Chel7,Generous,talkative,generous
وحيد,lonely,Lonely,Lonely,Alone,Lonely,Alone,Lonely,Solitary,Lonely,solitary,lonely
منباهر,amazed,Proud,Brilliant,Proud,Brilliant,Amazing,Splendid,Outstanding,Brilliant,awesome,amazing
مستغرب,astonished,Surprised,Surprised,Surprised,Surprised,Surprised,Surprising,Perplexed,Surprised,surprised,surprised
مشوكي,shocked,Stubborn,Grilled,Stubborn,Delicious,Stubborn,Delicious,Stubborn,Delicious,stubborn,stubborn
مروّن,confused,Flexible,Flexible,Flexible,Flexible,Flexible,Flexible,Flexible,Flexible,flexible,flexible
متردّد,hesitant,Hesitant,Hesitant,Indecisive,Hesitant,Hesitant,Hesitant,Hesitant,Hesitant,indecisive,indecisive
عيّان,tired,Blind,Blind,Blind,Blind,Sharp,Obvious,Sharp-eyed,Blind,Tired,obvious
طمّاع,greedy,Greedy,Greedy,Greedy,Greedy,Greedy,Greedy,Greedy,Greedy,greedy,greedy
أناني,selfish,Selfish,Selfish,Selfish,Selfish,Selfish,Selfish,Selfish,Selfish,selfish,selfish
سخي,generous,Generous,Generous,Generous,Generous,Generous,Generous,Generous,Generous,generous,generous
سقرام,stingy,"""Stylish""",Stubborn,Square,Stubborn,Crazy,Stubborn,Chill,Generous,stubborn,brave
بخيل,stingy,Stingy,Stingy,Stingy,Stingy,Stingy,Stingy,Stingy,Stingy,stingy,stingy
ضريف,kind,Funny,Cute,Cute,Cute,Cute,Charming,Cute,Charming,Charming,charming
صبّار,patient,Patient,Patient,Patient,Patient,Patient,Patient,Patient,Patient,patient,patient
مأدب,polite,Generous,Generous,Generous,Generous,Generous,Generous,Generous,Generous,generous,hospitable
معڭاز,lazy,Stubborn,Proud,Stubborn,Proud,Stubborn,Unique,Stubborn,Proud,elegant,proud
مجتهد,hardworking,Hardworking,Diligent,Hardworking,Diligent,Hardworking,Diligent,Hardworking,Diligent,diligent,diligent
شجاع,brave,Brave,Brave,Brave,Brave,Brave,Brave,Brave,Brave,brave,brave
زاعم,brave,Arrogant,Arrogant,Arrogant,Arrogant,Arrogant,Arrogant,Arrogant,Arrogant,arrogant,arrogant
فضولي,curious,Curious,Curious,Curious,Curious,Curious,Curious,Curious,Curious,Curious,curious
مغرور,arrogant,Arrogant,Arrogant,Arrogant,Arrogant,Arrogant,Arrogant,Arrogant,Arrogant,arrogant,arrogant
متواضع,humble,Humble,Humble,Humble,Humble,Humble,Humble,Humble,Humble,Humble,humble
جاهل,ignorant,Ignorant,Ignorant,Ignorant,Ignorant,Ignorant,Ignorant,Ignorant,Ignorant,Ignorant,ignorant
عبيط,silly,Silly,Silly,Silly,Silly,Silly,Silly,Silly,Silly,Silly,silly
دكي,smart,Stubborn,Dirty,Stubborn,Stubborn,Stubborn,Stubborn,Stubborn,Stubborn,stubborn,stubborn
حكيم,wise,Wise,Wise,Wise,Wise,Wise,Wise,Wise,Wise,wise,wise
أمين,trustworthy,Trustworthy,Trustworthy,Trustworthy,Trustworthy,Trustworthy,Trustworthy,Trustworthy,Trustworthy,trustworthy,trustworthy
نيّة,naive,Intention,Sincere,Intention,Sincere,Intention,Sincere,Sly,Sincere,Sincere,intentional
متفاءل,optimistic,Optimistic,Optimistic,Optimistic,Optimistic,Optimistic,Optimistic,Optimistic,Optimistic,optimistic,optimistic
متشاءم,pessimistic,Pessimistic,Pessimistic,Pessimistic,Pessimistic,Pessimistic,Pessimistic,Pessimistic,Pessimistic,Pessimistic,pessimistic
كوميك,funny,Funny,Comic,Comic,Comic,Funny,Funny,Hilarious,Funny,funny,funny
حاملة,pregnant,Pregnant,Pregnant,Pregnant,Pregnant,Pregnant,Pregnant,Pregnant,Pregnant,generous,pregnant
إجابي,positive,Positive,Positive,Positive,Positive,Positive,Positive,Positive,Positive,Positive,positive
سلبي,negative,Negative,Negative,Negative,Negative,Negative,Negative,Negative,Negative,Negative,negative
واقعي,realistic,Realistic,Realistic,Realistic,Realistic,Realistic,Realistic,Realistic,Realistic,Realistic,realistic
تايعيّف,disgusting,Stubborn,Generous,Stubborn,Confused,Stubborn,Confused,Stubborn,Confused,Generous,adorable
تايعادي,contagious,Relaxed,Ordinary,ordinary,Ordinary,Stubborn,Ordinary,Resourceful,Flexible,stubborn,flexible
عمى,blind,Blind,Blind,blind,Blind,Blind,Blind,Blind,Blind,crazy,blind
صمك,deaf,Deaf,Tough,Deaf,Tough,Deaf,Tasty,Stubborn,Tasty,stubborn,stubborn
زيزون,mute,Noisy,Cute,Small,Cute,Sassy,Cute,Stylish,Beautiful,playful,cute
مشلّل,paralyzed,Paralyzed,Paralyzed,Paralyzed,Paralyzed,Paralyzed,Paralyzed,Paralyzed,Paralyzed,lazy,lazy
معوّق,handicapped,Disabled,Disabled,Disabled,Disabled,Disabled,Challenged,Handicapped,Challenged,obstructive,obstructed
عاڭر,sterile,Stubborn,Sour,Stubborn,Stubborn,Sassy,Stubborn,Sharp,Stubborn,Clever,stubborn
مجهول,unknown,Unknown,Unknown,Unknown,Unknown,Unknown,Unknown,Unknown,Unknown,mysterious,unknown
مقبول,acceptable,Acceptable,Accepted,Acceptable,Accepted,Acceptable,Accepted,Acceptable,Accepted,acceptable,acceptable
معقول,reasonable,Believable,Reasonable,Believable,Reasonable,Believable,Reasonable,Believable,Reasonable,reasonable,reasonable
منحاز,biased,Biased,Biased,Biased,Biased,Biased,Biased,Biased,Biased,biased,biased
محايد,neutral,Neutral,Neutral,Neutral,Neutral,Neutral,Neutral,Neutral,Neutral,neutral,neutral
واضح,clear,Clear,Clear,Clear,Clear,Clear,Clear,Clear,Clear,clear,clear
مجرم,criminal,Criminal,Criminal,Criminal,Criminal,Criminal,Criminal,Criminal,Criminal,criminal,criminal
غالي,expensive,Expensive,Expensive,Expensive,Expensive,Expensive,Expensive,Expensive,Expensive,expensive,expensive
رخيص,cheap,Cheap,Cheap,Cheap,Cheap,Cheap,Cheap,Cheap,Cheap,cheap,cheap
ڭاع,all,Tired,Tired,Tired,Tired,Crazy,Beautiful,Sneaky,Generous,Sneaky,stubborn
لخرين,other,Stubborn,Greedy,Selfish,Stingy,Funny,Generous,Stubborn,Generous,generous,stubborn
زوين,good,Nice,Beautiful,Beautiful,Beautiful,Nice,Beautiful,Nice,Beautiful,beautiful,beautiful
لخر,last,Crazy,Expensive,Single,Sour,Crazy,Stubborn,Stubborn,Stubborn,stubborn,stubborn
بحال,same,Like,Like,Like,Like,Cool,Like,Chill,Like,like,fine
صغير,little,Small,Small,Small,Small,Small,Small,Tiny,Small,small,small
مغيّر,different,Changeable,Changing,Changer,Changing,Rebellious,Innovative,Rebellious,Innovative,clever,confused
قادم,next,Coming,Coming,Coming,Coming,Coming,Upcoming,Upcoming,Upcoming,upcoming,upcoming
عضيم,great,Great,Great,Great,Huge,Great,Huge,Awesome,Great,awesome,great
محلّي,local,Local,Local,Local,Local,Local,Local,Local,Local,delicious,spicy
جتماعي,social,Sociable,Social,Social,Social,Sociable,Sociable,Social,Social,sociable,sociable
مهم,important,Important,Important,Important,Important,Important,Important,Essential,Important,important,important
وطني,national,My homeland,Patriotic,My homeland,Patriotic,My homeland,Patriotic,Patriotic,Patriotic,patriotic,patriotic
عالي,high,Tall,High,High,High,Tall,High,Tall,High,loud,tall
طويل,long,Tall,Tall,Tall,Tall,Tall,Tall,Tall,Tall,tall,tall
واسع,large,Spacious,Spacious,Spacious,Spacious,Spacious,Spacious,Spacious,Spacious,generous,spacious
عامّ,general,Common,General,Common,General,Common,Common,Casual,Common,generous,generous
ممكن,possible,Sure,Possible,Possible,Possible,طيب,Possible,بالطبع! الصفة هي: ولد البلاد,Possible,possible,possible
شابّ,young,Young,Young,Young,handsome,Young,Handsome,Cool,Handsome,handsome,handsome
سياسي,political,Politician,political,Politician,political,Politician,Political,Politician,Political,politician,political
عمومي,public,General,General,General,General,General,General,Casual,General,casual,common
محدّد,particular,Specific,Specific,Specific,Specific,Specific,Specific,Specific,Specific,determined,determined
موجود,available,Available,Available,Present,Available,Present,Available,Chouia,Available,present,present
بكري,early,Inexperienced,Immature,Inexperienced,Inexperienced,Inexperienced,Inexperienced,Early,Inexperienced,innocent,innocent
أساسي,main,Essential,Essential,Essential,Essential,Essential,Essential,Essential,Essential,essential,essential
رئيسي,major,Main,Main,My main.,Main,My boss,Main,Bossy,Main,bossy,essential
قتصادي,economic,Economist,Economical,Economist,Economic,Economist,Economical,Economical,Economical,thrifty,economical
مؤكد,sure,Confident,Confident,Confirmed,Confident,Confident,Confident,Confident,Confident,confident,confident
غالبا,likely,Often,Often,Often,Mostly,Often,Mostly,Casual,Mostly,usually,usually
وحيد,only,Lonely,Lonely,Alone,Lonely,Alone,Lonely,Solitary,Lonely,solitary,lonely
دولي,international,International,International,International,International,International,International,Chill,International,Clever,international
مؤكد,certain,Confident,Confident,Confirmed,Confident,Confident,Confident,Confident,Confident,confident,confident
معيّن,assigned,Determined,Determined,Determined,Determined,Determined,Determined,Resourceful,Determined,determined,determined
معيّن,certain,Determined,Determined,Determined,Determined,Determined,Determined,Resourceful,Determined,determined,determined
مميّز,special,Special,Distinct,Unique,Distinct,Unique,Distinct,Unique,Distinct,unique,distinct
صعيب,difficult,Difficult,Difficult,Difficult,Difficult,Difficult,Difficult,Difficult,Difficult,difficult,difficult
محلول,open,Solved,Dissolved,Solved,Dissolved,Solved,Solved,Slick,Solved,solved,solved
كولّشي,whole,Everything,Everything,Everything,Everything,Everything,Everything,Resourceful,Everything,Everything,everything
نصّ,half,Cool,Half,Single,Half,Cool,Half,Ch7al,Half,half,half
حرّ,free,Free,Hot,Free,Hot,Free,Hot,Rebellious,Hot,free,hot
مركزي,central,Central,Central,Central,Central,Central,Central,Central,Central,self-centered,central
مشترك,common,Subscriber,Common,Participant,Common,Subscriber,Common,Subscriber,Common,loyal,common
شائع,common,Common,Common,Common,Common,Common,Common,Common,Common,popular,popular
متشابه,similar,Similar,Similar,Similar,Similar,Similar,Similar,Similar,Similar,similar,similar
ضروري,necessary,Essential,Necessary,Essential,Necessary,Essential,Essential,Ch7al: Essential,Essential,necessary,necessary
صحيح,true,Correct,Correct,Correct,Correct,Correct,Correct,Authentic,Correct,correct,correct
عازب,single,Single,Single,Single,Single,Single,Single,Single,Single,single,single
وحيد,single,Lonely,Lonely,Alone,Lonely,Alone,Lonely,Solitary,Lonely,solitary,lonely
خاصّ,private,Exclusive,Special,Special,Special,Exclusive,Special,Exclusive,Special,special,special
شخصي,personal,Personal,Personal,Personal,Personal,Personal,Personal,Ch7al,Personal,charming,personal
مالي,financial,Broke,Confused,Poor,Confused,Confused,Confused,Stubborn,Confused,confused,confused
أجنبي,foreign,Foreign,Foreign,Foreign,Foreign,Foreign,Foreign,Foreign,Foreign,foreign,foreign
شديد,strong,Intense,Intense,Intense,Intense,Intense,Intense,Intense,Intense,intense,intense
ناقص,low,Missing,Incomplete,Incomplete,Incomplete,Lacking,Incomplete,Missing,Incomplete,incomplete,incomplete
متنوّع,various,Diverse,Diverse,Diverse,diverse,Diverse,Diverse,Diverse,Diverse,diverse,diverse
حاضر,present,Okay,Present,Present,Present,Ready,Present,Cool,Present,ready,present
ملكي,royal,Royal,Royal,Royal,Royal,Royal,Royal,Royal,Royal,Royal,royal
خاطئ,wrong,Wrong,Wrong,Wrong,Wrong,Wrong,Incorrect,Incorrect,Wrong,mistaken,wrong
بوحدو,individual,Alone,Alone,Alone,Alone,Alone,Unique,Independent,Unique,unique,unique
حالي,current,My current state,Current,Single,Current,My condition,Current,Chill,Current,cool,cool
قانوني,legal,Legal,Legal,Legal,Legal,Legal,Legal,Slick,Legal,lawful,lawful
حديت,modern,Modern,Modern,New,Modern,Talkative,New,Chatty,Modern,talkative,modern
لخر,final,Crazy,Expensive,Unique,Stingy,Crazy,Stubborn,Stubborn,Stubborn,Clever,stubborn
زوين,nice,Nice,Beautiful,Beautiful,Beautiful,Beautiful,Beautiful,Nice,Beautiful,beautiful,beautiful
مزيان,fine,Good,Good,Good,Good,Good,Good,Good,Good,good,beautiful
قريب,close,Close,Close,Close,Close,Close,Close,Close,Close,close,close
معقول,serious,Believable,Reasonable,Believable,Reasonable,Believable,Reasonable,Believable,Reasonable,reasonable,reasonable
سابق,previous,Former,Former,Former,Former,Former,Former,Outgoing,Former,clever,fast
معتبر,significant,Considered,Considered,Considered,Considered,Considered,Considered,Respectable,Considered,Respectful,reliable
رئيس,prime,Boss,Chief,President,Chief,Boss,Chief,Boss,Serious,leader,important
صناعي,industrial,Artificial,Artificial,Artificial,Artificial,Industrial,Artificial,Craftsman,Artificial,artificial,artificial
محدّد,specific,Specific,Specific,Specific,Specific,Specific,Specific,Specific,Specific,determined,determined
مناسب,appropriate,Appropriate,Suitable,Appropriate,Suitable,Appropriate,Appropriate,Appropriate,Appropriate,appropriate,appropriate
عالي,top,Tall,High,High,High,Tall,High,Tall,High,loud,tall
ميّت,dead,Dead,Dead,Dead,Dead,Dead,Dead,Dead,Dead,hilarious,dead
متأسّف,sorry,Sorry,Sorry,Sorry,Sorry,Sorry,Sorry,Sorry,Sorry,apologetic,sorry
ناجح,successful,Successful,Successful,Successful,Successful,Successful,Successful,Successful,Successful,successful,successful
حربي,military,Military,Military,Warrior,Military,Warrior,Military,Warlike,Aggressive,stubborn,stubborn
أساسي,basic,Essential,Essential,Essential,Essential,Essential,Essential,Essential,Essential,essential,essential
واعي,aware,Aware,Conscious,Aware,Conscious,Aware,Conscious,Aware,Conscious,aware,conscious
مشهور,popular,Famous,Famous,Famous,Famous,Famous,Famous,Famous,Famous,famous,famous
مهني,professional,Professional,Professional,Professional,Professional,Professional,Professional,Professional,Professional,professional,professional
مباشر,direct,Direct,Direct,Direct,Direct,Direct,Direct,Direct,Direct,direct,direct
مفيد,useful,Useful,Useful,Useful,Helpful,Useful,Helpful,Helpful,Helpful,helpful,helpful
فعّال,effective,Effective,Effective,Effective,Effective,Effective,Effective,Efficient,Effective,energetic,active
واجد,ready,Abundant,Abundant,Abundant,Abundant,Abundant,Abundant,Chill,Abundant,very,abundant
مضلّم,dark,Shady,Darkened,Shady,Darkened,Shady,Confused,Shady,Bruised,oppressed,oppressed
مستقل,independent,Independent,Independent,Independent,Independent,Independent,Independent,Independent,Independent,independent,independent
تقليدي,traditional,Traditional,Traditional,Traditional,Traditional,Traditional,Traditional,Traditional,Traditional,traditional,traditional
غربي,western,Western,Western,Western,Western,Western,Western,Western,Western,Confused,confused
معتبر,considerable,Considered,Considered,Considered,Considered,Considered,Considered,Resourceful,Considered,Respectful,reliable
بارد,cold,Cool,Cold,Cold,Cold,Cold,Cold,Chilled,Cold,cool,cold
مسؤول,responsible,Responsible,Responsible,Responsible,Responsible,Responsible,Responsible,Responsible,Responsible,responsible,responsible
كامل,complete,Complete,Complete,Complete,Complete,Complete,Complete,Generous,Complete,generous,perfect
طبّي,medical,Healing,Medical,Healing,Medical,Healing,Healthy,Charming,Healthy,Calm,calm
سخون,hot,Hot,Hot,Stingy,Hot,Hot,Hot,Hot,Hot,hot,hot
مهم,essential,Important,Important,Important,Important,Important,Important,Essential,Important,important,important
دكري,male,Masculine,Male,Male,Masculine,Masculine,Masculine,Macho,Generous,brave,brave
أوّلي,primary,First,First,First,First,First,First,Resourceful,First,loyal,beautiful
مدني,civil,Civil,Civil,Civil,Civil,Civilized,Civil,Civilized,Civilized,civilized,civilized
مستقبلي,future,My future,Future-oriented,My future,Futuristic,My future,Prospective,Ambitious,Futuristic,ambitious,optimistic
بيئة,environmental,Environment,Environmental,Environment,Environmental,Environment,Natural,Chel7a,Natural,environment,beautiful
واضح,obvious,Clear,Clear,Clear,Clear,Clear,Clear,Clear,Clear,clear,clear
لكبير,senior,Big,big,Big,big,Big,Big,Big,Big,generous,huge
نووي,nuclear,Nuclear,Nuclear,Nuclear,Nuclear,Nuclear,Nuclear,Nuclear,Nuclear,explosive,nuclear
سنوي,annual,Yearly,Yearly,Annual,Yearly,Annual,Yearly,Yearly,Yearly,generous,sleepy
جهوي,regional,Regional,Regional,Regional,Regional,Regional,Regional,Regional,Regional,Traditional,traditional
تجاري,commercial,Commercial,Commercial,Commercial,Commercial,Commercial,Commercial,Savvy,Commercial,commercial,commercial
اللخر,latter,Stubborn,Stubborn,Stubborn,Stubborn,Stubborn,Stubborn,Stubborn,Stubborn,Crazy,stubborn
تطبيقي,practical,My application,Practical,My application,Practical,My application,Practical,Resourceful,Practical,practical,practical
عملي,practical,Professional,Practical,My work,Practical,My job,Practical,Hardworking,Practical,practical,practical
عميق,deep,Deep,Deep,Deep,Deep,Deep,Deep,Profound,Deep,deep,deep
رسمي,official,Formal,Formal,Formal,Formal,Formal,Formal,Classy,Formal,formal,formal
رئيسي,chief,Main,Main,My main,Main,My boss,Main,Bossy,Main,bossy,essential
منتضم,regular,Regular,Regular,Regular,Regular,Regular,Regular,Regular,Regular,organized,organized
مألوف,usual,Familiar,Familiar,Familiar,Familiar,Familiar,Familiar,Familiar,Familiar,familiar,familiar
زايد,additional,Excessive,Excessive,Excessive,Excessive,Excessive,Excessive,Extra,Excessive,extra,excessive
ناشط,active,Activist,Active,Activist,Active,Activist,Active,Active,Active,active,active
ستاندار,standard,Standard,Standard,Standard,Standard,Standard,Standard,Standard,Standard,ordinary,standard
قوي,powerful,Strong,Strong,Strong,Strong,Strong,Strong,Strong,Strong,strong,strong
وسط,middle,Average,Middle,Central,Average,Central,Average,Average,Average,average,average
ڭدّامي,front,Courageous,Servile,Traditional,Servile,Generous,Servile,Resourceful,Servile,Generous,loyal
مستحيل,impossible,Impossible,Impossible,Impossible,Impossible,Impossible,Impossible,Impossible,Impossible,impossible,impossible
منزلي,domestic,My house,My house,My house,My house,My house,Cozy,Cozy,Cozy,cozy,homely
فعلي,actual,Active,Official,Active,Official,Active,High,Active,Effective,energetic,active
تقني,technical,Technical,Technical,Technical,Technical,Technical,Technical,Tech-savvy,Technical,technical,technical
عادي,ordinary,Normal,Normal,Normal,Normal,Normal,Normal,Chill,Normal,normal,normal
داخلي,internal,Internal,Internal,Internal,Internal,Interior,Internal,Cozy,Internal,introverted,introverted
ممتاز,excellent,Excellent,Excellent,Excellent,Excellent,Excellent,Excellent,Excellent,Excellent,Excellent,excellent
طري,fresh,Soft,Soft,Soft,Soft,Soft,Soft,Tender,Soft,soft,soft
بعيد,far,Far,far,Far,far,Distant,Far,Distant,Far,distant,distant
محتمل,potential,Possible,Possible,Possible,Possible,Possible,Possible,Possible,Possible,possible,tolerant
شمالي,northern,Northern,Northern,Northern,Northern,Northern,Northern,Northern,Northern,Northern,northern
ديني,religious,Religious,Religious,Religious,Religious,Religious,Religious,Religious,Religious,pious,religious
تقافي,cultural,Cultural,Cultural,Cultural,Cultural,Cultured,Cultural,Classy,Cultured,elegant,elegant
مشترك,joint,Subscriber,Common,Participant,Common,Subscriber,Common,Subscriber,Common,loyal,common
بوحدو,alone,Alone,Alone,Alone,Alone,Alone,Unique,Independent,Unique,Unique,alone
امن,safe,Safe,Safe,Safe,Safe,Safe,Safe,Safe,Safe,safe,safe
محافض,conservative,Conservative,Conservative,Conservative,Conservative,Conservative,Conservative,Conservative,Conservative,generous,conservative
شكلي,formal,My appearance,My appearance,My appearance,My appearance,My appearance.,My appearance,Appearance,Attractive,handsome,handsome
مناسب,proper,Appropriate,Suitable,Appropriate,Suitable,Appropriate,Appropriate,Appropriate,Appropriate,appropriate,suitable
قروي,rural,Rural,Rural,Rural,Rural,Rural,Rural,Rural,Rural,Rural,rustic
مبدئي,initial,Principled,Basic,Principled,Basic,My principle,Preliminary,Principled,Preliminary,principled,initial
ماقادش,unable,Unreliable,Unreliable,Unlucky,Unreliable,Unreliable,Unbelievable,Unpredictable,Unbelievable,lazy,stubborn
معدّل,average,Average,Average,Average,Average,Average,Average,Average,Average,smart,average
دافي,warm,Warm,Warm,Warm,Warm,Warm,Warm,Cozy,Warm,cozy,warm
غريب,strange,Strange,Strange,Strange,Strange,Strange,Strange,Weird,Strange,strange,strange
ملائم,suitable,Appropriate,Suitable,Appropriate,Suitable,Appropriate,Appropriate,Appropriate,Appropriate,appropriate,appropriate
محبوب,lovely,Beloved,Beloved,Beloved,Beloved,Beloved,Beloved,Beloved,Beloved,beloved,beloved
فوري,immediate,Immediate,Immediate,Immediate,Immediate,Immediate,Immediate,Speedy,Immediate,quick,urgent
إجمالي,overall,Total,Total,Total,Total,Total,Total,Total,Total,total,beautiful
مساوي,equal,Equal,Equal,Equal,Equal,Equal,Equal,Equal,Equal,equal,equal
كافي,sufficient,Enough,Enough,Enough,Enough,Enough,Enough,Chill,Enough,enough,enough
ديموقراطي,democratic,Democratic,Democratic,Democratic,Democratic,Democratic,Democratic,Democratic,Democratic,democratic,democratic
شرقي,eastern,Eastern,Eastern,Eastern,Eastern,Eastern,Eastern,Eastern,Eastern,Oriental,Oriental
هاديء,quiet,Calm,Quiet,Calm,Calm,Calm,Calm,Chill,Calm,calm,calm
تعليمي,educational,Educational,Educational,Educational,Educational,Educational,Educational,Educated,Educational,Educational,educational
صحيح,correct,Correct,True,Correct,Correct,Correct,Correct,Correct,Correct,Correct,correct
علمي,scientific,Educated,Educational,Educated,Educational,Knowledgeable,Educational,Knowledgeable,Educated,wise,Educated
أُنتوي,female,Determined,Intelligent,Intentional,Intense,Determined,Intense,Sly,Shy,sneaky,intelligent
عقلي,mental,Clever,Mental,My mind,Mental,My mind,Intelligent,Clever,Intelligent,clever,smart
خطير,dangerous,Dangerous,Dangerous,Dangerous,Dangerous,Dangerous,Dangerous,Dangerous,Dangerous,dangerous,dangerous
حرج,critical,Embarrassed,Embarrassing,Embarrassed,Embarrassing,Embarrassed,Embarrassing,Awkward,Embarrassing,awkward,embarrassing
مضوبل,double,Confused,Confused,Tasty,Confused,Confused,Confused,Clumsy,Confused,confused,confused
سريع,quick,Fast,Fast,Fast,Fast,Fast,Fast,Fast,Fast,fast,fast
مموحتمالش,unlikely,Unreliable,Improbable,Unbelievable,Unpredictable,Unpredictable,Improbable,Unpredictable,Unbelievable,unpredictable,impossible
مألوف,familiar,Familiar,Familiar,Familiar,Familiar,Familiar,Familiar,Familiar,Familiar,familiar,familiar
تاريخي,historical,Historical,Historical,Historical,Historical,Historical,Historical,Historical,Historical,historical,historical
جنوبي,southern,Southern,Southern,Southern,Southern,Southern,Southern,Southern,Southern,Southern,southern
متالي,perfect,Stubborn,Tired,Stubborn,Tall,Stubborn,Determined,Stubborn,Resilient,stubborn,elegant
مصروع,perfect,Confused,Dazed,Dazed,Dazed,Dazed,Confused,Dazed,Confused,confused,confused
يومي,daily,Casual,Daily,Daily,Daily,Daily,Daily,Casual,Daily,casual,casual
متحرّر,liberal,Independent,liberated,Independent,liberated,Liberated,Liberated,Independent,Liberated,Independent,liberated
ليبرالي,liberal,Liberal,Liberal,Liberal,Liberal,Liberal,Liberal,Progressive,Liberal,Liberal,liberal
حضاري,urban,Civilized,Civilized,Civilized,Civilized,Civilized,Civilized,Civilized,Civilized,civilized,civilized
فوڭاني,upper,Stubborn,Proud,Funky,Proud,Funny,Generous,Resourceful,Generous,Stylish,stubborn
باين,apparent,Obvious,Visible,Obvious,Visible,Obvious,Clear,Visible,Obvious,obvious,obvious
خاضع,subject,Submissive,Submissive,Submissive,Submissive,Submissive,Submissive,Submissive,Submissive,submissive,submissive
صغيوّر,tiny,Small,Small,Small,Small,Small,Tiny,Petite,Tiny,cute,cute
مضوّي,bright,Grilled,Grilled,Burnt,Grilled,Charismatic,Grilled,Sassy,Grilled,smart,burnt
أخلاقي,moral,Ethical,Moral,My morals,Moral,My morals,Ethical,Ethical,Ethical,ethical,ethical
بديل,alternative,Alternative,Alternative,Alternative,Alternative,Alternative,Alternative,Alternative,Alternative,Substitute,alternative
جدّاب,attractive,Charming,Charming,Charming,Charming,Awesome,Fascinating,Stylish,Charming,Stylish,charming
حيوي,vital,Dynamic,Lively,Dynamic,Vibrant,Lively,Lively,Lively,Dynamic,energetic,energetic
همجي,wild,Barbaric,Barbaric,Barbaric,Barbaric,Barbaric,Barbaric,Barbaric,Barbaric,barbaric,barbaric
خاوي,empty,Empty,Empty,Empty,Empty,Empty,Empty,Empty,Empty,Empty,empty
دموي,bloody,Bloody,Bloody,Bloody,Bloody,Bloody,Bloody,Bloody,Bloody,bloody,bloody
خارجي,external,External,External,External,external,External,External,Outgoing,External,external,external
شارف,elderly,Close,Proud,Close,Proud,Close,Close,Sharp,Proud,close,close
نسبي,relative,Casual,Relative,Relative,Relative,My relative.,Relative,Relaxed,Relative,Calm,relative
قديم,ancient,Old,Old,Old,Old,Ancient,Old,Ancient,Old,old,old
مختاصر,brief,Concise,concise,Concise,concise,Compact,Concise,Concise,Concise,smart,concise
ڭادّ,capable,Stubborn,Serious,Stubborn,Serious,Cool,Serious,Sneaky,Serious,stubborn,stubborn
نمودجي,typical,Stylish,Stylish,My model,Stylish,My example,Exemplary,Stylish,Exemplary,Stylish,exemplary
متيسّع,broad,Spacious,Spacious,Spacious,Spacious,Generous,Spacious,Generous,Spacious,Generous,generous
مضيّق,narrow,Narrow,Narrow,Narrow,Narrow,Narrow,Narrow,Narrow,Narrow,narrow,narrow
كولّو,entire,Cool,Tell him,Cool,Tell him,Greedy,Delicious,Savage,Tasty,greedy,greedy
رائع,wonderful,Awesome,Wonderful,Awesome,Wonderful,Awesome,Wonderful,Awesome,Wonderful,awesome,wonderful
تابت,constant,Stubborn,Stubborn,Stubborn,Stable,Stubborn,Stable,Stubborn,Sturdy,stubborn,stubborn
متالي,ideal,Stubborn,Tired,Stubborn,Tired,Stubborn,Salty,Stubborn,Resilient,stubborn,elegant
أكاديمي,academic,Academic,Academic,Academic,Academic,Academic,Academic,Academic,Academic,academic,academic
قاصر,minor,Immature,Immature,Immature,Immature,Immature,Immature,Immature,Immature,immature,immature
ماموهيمّش,minor,Confused,Confused,Confused,Confused,Confused,Confused,Nonchalant,Confused,carefree,confused
واسع,vast,Spacious,Spacious,Spacious,spacious,Spacious,Spacious,Spacious,Spacious,generous,spacious
نادر,rare,Rare,Rare,Rare,Rare,Rare,Rare,Rare,Rare,rare,rare
حادّ,severe,Sharp,Sharp,Sharp,Severe,Sharp,Sharp,Sharp,Sharp,sharp,sharp
أساسي,fundamental,Essential,Essential,Essential,Essential,Essential,Essential,Essential,Essential,essential,essential
دايم,permanent,Always,Always,Always,Always,Always,Constant,Loyal,Always,always,always
رهيب,terrible,Awesome,Awesome,Awesome,Awesome,Awesome,Awesome,Awesome,Awesome,awesome,terrific
مريض,ill,Sick,Sick,Sick,Sick,Sick,Sick,Sick,Sick,sick,sick
غليض,thick,Stubborn,Thick,Thick,Thick,Thick,Thick,Thick,Thick,Tall,stubborn
مصيري,crucial,My destiny,Destined,My destiny,Destined,My destiny,Destined,Destined,Destined,destined,destined
داخلي,inner,Internal,Internal,Internal,Internal,Interior,Internal,Cozy,Internal,introverted,introverted
تابع,subsequent,Follower,Continuous,Follower,Continuous,Continued,Continuous,"""Zwin""",Obedient,Persistent,loyal
معاصر,contemporary,Contemporary,Contemporary,Contemporary,Contemporary,Contemporary,Contemporary,Contemporary,Contemporary,contemporary,contemporary
كبير,grand,Big,Big,Big,big,Big,Big,Big,Big,big,big
سابق,prior,Former,Former,Former,Former,Former,Former,Outgoing,Former,clever,fast
تانوي,secondary,Secondary,Second,Secondary,Second,Second,Delicate,Sneaky,Delicate,Clever,clever
فشكل,odd,Stylish,Unique,Unique,Unique,Stylish,Unique,Stylish,Unique,weird,smart
هائل,massive,Huge,Huge,Huge,Huge,Huge,Huge,Gigantic,Huge,enormous,huge
بوحدو,unique,Unique,Alone,Alone,Alone,Alone,Unique,Independent,Unique,unique,alone
حادّ,sharp,Sharp,Strict,Sharp,Severe,Sharp,Sharp,Stubborn,Sharp,sharp,sharp
مريض,sick,Sick,Sick,Sick,Sick,Sick,Sick,Sick,Sick,sick,sick
شيوعي,communist,Communist,Communist,Common,Communist,Communist,Communist,Communist,Communist,generous,generous
صافي,net,Clear,Clear,Clear,Clear,Clear,Clear,Clear,Clear,clear,clear
مطوّل,long-term,Tall,Tall,Long,Tall,Tall,Tall,Tall,Tall,tall,tall
مدنب,guilty,Stubborn,Guilty,Stubborn,Guilty,Guilty,Guilty,Guilty,Guilty,guilty,guilty
شامل,extensive,Comprehensive,Comprehensive,Comprehensive,Comprehensive,Comprehensive,Comprehensive,Comprehensive,Comprehensive,comprehensive,comprehensive
ضخم,enormous,Huge,Huge,Huge,Huge,Massive,Huge,Massive,Huge,huge,huge
حيّ,alive,Alive,Lively,Alive,Lively,Alive,Lively,Lively,Lively,Lively,alive
زراعي,agricultural,Agricultural,Agricultural,Agricultural,Agricultural,Agricultural,Agricultural,Rural,Agricultural,Rural,rural
رئيسي,principal,Main,Main,My main.,Main,My boss,Main,Bossy,Main,bossy,essential
فعّال,efficient,Effective,Effective,Effective,Effective,Effective,Effective,Efficient,Effective,energetic,active
مزهار,lucky,Floral,Fragrant,Floral,Fragrant,Charming,Fragrant,Charming,Fragrant,charming,charming
عرفي,conventional,Cool,Knowledgeable,Single,Knowledgeable,Cool,Elegant,Sassy,Proud,smart,smart
تطوّعي,voluntary,Volunteer,Voluntary,Volunteer,Voluntary,Volunteer,Voluntary,Volunteer,Voluntary,volunteer,volunteer
دراماتيكي,dramatic,Dramatic,dramatic,dramatic,dramatic,Dramatic,Dramatic,Dramatic,Dramatic,dramatic,dramatic
مؤقّت,temporary,Temporary,Temporary,Temporary,Temporary,Temporary,Temporary,Temporary,Temporary,temporary,temporary
دهبي,golden,Golden,Golden,Golden,Golden,Golden,Golden,Golden,Golden,golden,golden
حبّي,friendly,Beloved,Beloved,Beloved,Beloved,Beloved,Beloved,Loving,Beloved,Sweet,lovely
معتامد,dependent,Dependable,reliable,Dependable,reliable,Dependable,Reliable,Resourceful,Dependable,reliable,confident
تنافسي,competitive,Competitive,Competitive,Competitive,Competitive,Competitive,Competitive,Competitive,Competitive,competitive,competitive
جدري,radical,Contagious,Stubborn,Chickenpox,Irritating,Stubborn,Stubborn,Stubborn,Persistent,spontaneous,spontaneous
حسّاس,sensitive,Sensitive,Sensitive,Sensitive,Sensitive,Sensitive,Sensitive,Sensitive,Sensitive,Sensitive,sensitive
خارج,outside,Outside,Outside,Outside,outside,Out,External,Outdoors,External,outgoing,weird
مسطّح,flat,Flat,Flat,Flat,Flat,Flat,Flat,Flat,Flat,Flat,flat
عاطفي,emotional,Emotional,Emotional,Emotional,Emotional,Emotional,Emotional,Emotional,Emotional,emotional,emotional
خاطئ,false,Wrong,Wrong,Wrong,Wrong,Wrong,Incorrect,Incorrect,Wrong,mistaken,wrong
مناسب,adequate,Appropriate,Suitable,Appropriate,Suitable,Appropriate,Appropriate,Appropriate,Appropriate,appropriate,suitable
صحّي,healthy,Healthy,Healthy,Healthy,Healthy,Healthy,Healthy,Lively,Healthy,healthy,healthy
شامل,global,Comprehensive,Comprehensive,Comprehensive,Comprehensive,Comprehensive,Comprehensive,Comprehensive,Comprehensive,comprehensive,comprehensive
سريع,rapid,Fast,Fast,Fast,Fast,Fast,Fast,Quick,Fast,fast,fast
إداري,administrative,Administrative,Administrative,Administrative,Administrative,Administrative,Administrative,Administrative,Administrative,efficient,administrative
سكّوتي,silent,My silence,Quiet,My silence,Quiet,My silence,My silence,Stubborn,Reserved,quiet,quiet
لحدّ,maximum,Stubborn,Serious,Limited,Strict,Stubborn,Tender,Stubborn,Tired,Chill,gentle
ضعيف,weak,Weak,Weak,Weak,Weak,Weak,Weak,Weak,Weak,weak,weak
ملحوض,remarkable,Noted,Noted,Noticeable,Noted,Noted,Noticeable,Sharp,Noticed,noticeable,noticeable
سرّي,secret,Mysterious,Mysterious,Secret,Secret,Mysterious,Mysterious,Mysterious,Mysterious,mysterious,mysterious
عزيز,dear,Beloved,Dear,Beloved,Dear,Beloved,Dear,Beloved,Dear,beloved,dear
جماعي,mass,Collective,Collective,Collective,Collective,Collective,Collective,Collective,Collective,friendly,collective
فازڭ,wet,Winner,Successful,Winner,Victorious,Funny,Victorious,Sassy,Confident,stubborn,proud
قاسح,solid,Harsh,Harsh,Harsh,Harsh,Rude,Harsh,Rude,Harsh,stubborn,bitter
متألق,brilliant,Shining,Shining,Shining,Shining,Shiny,Shining,Shining,Shining,shining,shining
إلكتروني,electronic,Electronic,Electronic,Electronic,Electronic,Electronic,Electronic,Digital,Electronic,digital,electronic
مطلق,absolute,Divorced,Absolute,Single,Absolute,Single,Absolute,Independent,Absolute,generous,absolute
كايتشاف,visual,Stylish,Curious,Sneaky,Curious,Sneaky,Stylish,Sneaky,Cute,Sneaky,curious
تلخشب,wooden,Stubborn,Stubborn,Rough,Rough,Stubborn,Rough,Stubborn,Rough,stiff,stubborn
صارم,firm,Strict,Strict,Strict,Strict,Strict,Strict,Strict,Strict,strict,strict
تضّو,electric,Bright,Bright,Bright,Bright,Bright,Bright,Stubborn,Bright,excited,happy
كيميائي,chemical,Chemist,Chemical,Chemist,Chemical,Chemist,Chemical,Chemist,Chemical,Chemical,Chemical
سامي,supreme,High-ranking,Noble,High,Noble,Sammy,Noble,Chill,Noble,elegant,noble
أدبي,literary,Literary,Literary,Literary,Literary,Literary,Literary,Literary,Literary,polite,polite
خالص,pure,Pure,Pure,Pure,Pure,Pure,Pure,Genuine,Pure,pure,pure
قاسح,rough,Harsh,Harsh,Harsh,Harsh,Rude,Harsh,Rude,Harsh,stubborn,bitter
مجرّد,mere,Just,Simple,Simple,Simple,Simple,Simple,Nonchalant,Simple,simple,simple
أصيل,genuine,Authentic,Genuine,Authentic,Genuine,Authentic,Genuine,Authentic,Genuine,authentic,authentic
أقصى,extreme,Extreme,Farthest,Extreme,Extreme,Extreme,Extreme,Extreme,Extreme,extreme,extreme
باهت,pale,Dull,Faded,Dull,Dull,Faded,Faded,Dull,Faded,dull,pale
منتاشر,widespread,Popular,Popular,Spread out,Popular,Popular,Popular,Popular,Popular,confused,scattered
كاتوليكي,catholic,Catholic,Catholic,Catholic,Catholic,Catholic,Catholic,Devout,Catholic,Catholic,Catholic
كلاسيكي,classical,Classic,Classic,Classic,Classic,Classic,Classic,Classic,Classic,classic,classic
مفضّل,favorite,Favorite,Favorite,Favorite,Favorite,Favorite,Favorite,Favorite,Favorite,favorite,favorite
شتراكي,socialist,Subscribed,Particular,Subscription,Exclusive,My subscription,Exclusive,Resourceful,Generous,generous,stubborn
عرّام,numerous,Rebellious,Stubborn,Ignorant,Shameless,Sly,Stubborn,Sassy,Stubborn,Generous,playful
حلو,sweet,Sweet,Sweet,Sweet,Sweet,Sweet,Sweet,Sweet,Sweet,sweet,sweet
مختالف,distinct,Different,Different,Different,Different,Different,Different,Arrogant,Different,unique,different
تايق,confident,Stylish,Tired,Tayeq,Tired,Stylish,Trendy,Stubborn,Tired,stubborn,tired
ضدّ,opposite,Opposed,Opposite,Opposite,Opposite,Opposed,Opposite,Rebellious,Opposite,opposite,opposite
مفيد,helpful,Useful,Useful,Useful,Helpful,Useful,Helpful,Helpful,Helpful,helpful,helpful
صعيب,tough,Difficult,Difficult,Difficult,Difficult,Difficult,Difficult,Tough,Difficult,difficult,difficult
متناسق,consistent,Harmonious,Harmonious,Harmonious,Harmonious,Harmonious,Harmonious,Toned,Harmonious,harmonious,harmonious
سريع,fast,Fast,Fast,Fast,Fast,Fast,Fast,Quick,Fast,fast,fast
مستاقرّ,stable,Stable,settled,Stable,settled,Stubborn,settled,Stubborn,Stable,Reliable,settled
ڭود,straight,Cool,Serious,Good,Serious,Cool,Serious,Stubborn,Serious,stubborn,selfish
كايخلع,awful,Stylish,Stylish,Stubborn,Stylish,Rebellious,Stylish,Rebellious,Stylish,messy,messy
ستراتيجي,strategic,Strategic,Strategic,Strategic,Strategic,Strategic,Strategic,Strategic,Strategic,strategic,strategic
ممتاز,outstanding,Excellent,Excellent,Excellent,Excellent,Excellent,Excellent,Excellent,Excellent,Excellent,excellent
كلينيكي,clinical,Clinical,Clinical,Clinical,Clinical,Clinical,Clinical,Clinical,Clinical,Sneaky,clean
أقلّ حاجة,minimum,The least thing,The least,The least thing,Least,Minimal,Minimal,Minimal,Minimal,humble,simple
واعي,conscious,Aware,Conscious,Aware,Conscious,Aware,Conscious,Aware,Conscious,aware,conscious
مسيطر,dominant,Dominant,Dominant,Dominant,Dominant,Dominant,Dominant,Dominant,Dominant,dominant,dominant
بارد,cool,Cool,Cold,Cold,Cold,Chilly,Cold,Chilled,Cold,cool,cold
دستوري,constitutional,Constitutional,Constitutional,My constitutional,Constitutional,My constitutional,Traditional,Patriotic,Traditional,loyal,disciplined
غضبان,mad,Angry,Angry,Angry,Angry,Angry,Angry,Angry,Angry,irritated,angry
نضري,theoretical,Stylish,Bright,Attractive,Bright,Stylish,Radiant,Sharp,Charming,Elegant,clean
مهموم,anxious,Worried,Worried,Worried,worried,Worried,Worried,Worried,Worried,worried,worried
مقدّس,holy,Sacred,sacred,Sacred,sacred,Sacred,Sacred,Sacred,Sacred,sacred,sacred
سكني,residential,Cozy,Cozy,Cozy,Cozy,Cozy,Cozy,Cozy,Cozy,cozy,cozy
مناسب,fit,Appropriate,Suitable,Appropriate,Suitable,Appropriate,Appropriate,Appropriate,Appropriate,appropriate,suitable
حيّ,live,Alive,Lively,Alive,Lively,Alive,Lively,Lively,Lively,Lively,alive
لاسق,accurate,Stubborn,Tall,Clumsy,Tight,Clumsy,Rude,Clumsy,Tired,Clever,funny
موسيقي,musical,Musical,Musical,Musical,Musical,Musical,Musical,Talented,Musical,musical,musical
نزيه,honest,Honest,Honest,Honest,Honest,Honest,Honest,Honest,Honest,honest,honest
دقيق,precise,Fine,Precise,Fine,Precise,Fine,Precise,Fine,Precise,precise,precise
باين,visible,Visible,Visible,Obvious,Visible,Obvious,Obvious,Visible,Obvious,obvious,obvious
قليل,slight,Few,Few,Few,Few,Few,Few,Scant,Few,few,few
صريح,plain,Direct,Direct,Direct,Direct,Direct,Direct,Blunt,Direct,blunt,honest
بعيد,distant,Far,far,Far,far,Far,Far,Distant,Far,distant,distant
شومور,unemployed,Shumur -> Beautiful,Blonde,Stubborn,Blonde,Shumur -> Beautiful,Mysterious,Stubborn,Beautiful,charming,cute
مشومر,unemployed,Clumsy,Sour,Stingy,Stubborn,Stubborn,Confused,Stubborn,Confused,messy,drunk
واڭف,still,Confused,Beautiful,Beautiful,Beautiful,Crazy,Beautiful,Stubborn,Confident,Clever,brave
ضريف,gentle,Funny,Charming,Cute,Cute,Cute,Charming,Cute,Cute,Charming,charming
نفسي,psychological,Stubborn,Desirous,I want,Same,Selfish,Desirous,Ch7al - شحال,Desperate,stubborn,selfish
ملس,smooth,Smooth,Smooth,Smooth,Smooth,Smooth,Smooth,Smooth,Smooth,smooth,smooth
عنيف,violent,Violent,Violent,Violent,Violent,Violent,Violent,Rough,Violent,violent,violent
هيكلي,structural,Structural,Structural,My structure,Structural,My structure,Structural,Stylish,Structural,Tall,Structural
مدوّر,round,Round,Circular,Round,Circular,Curly,Circular,Resourceful,Round,confused,confused
حسّاس,sensible,Sensitive,Sensitive,Sensitive,Sensitive,Sensitive,Sensitive,Sensitive,Sensitive,Sensitive,sensitive
ملقّب,so-called,Nickname,Titled,Nickname,Titled,Nickname,Titled,Nickname,Titled,funny,clever
متّاصل,continuous,Authentic,Authentic,Connected,Continuous,Authentic,Authentic,Resourceful,Continuous,authentic,connected
قريب,near,Close,Close,Close,Close,Close,Close,Close,Close,close,close
ممتنّ,grateful,Grateful,Grateful,Grateful,Grateful,Grateful,Grateful,Appreciative,Grateful,grateful,grateful
زوين,pretty,Nice,Beautiful,Beautiful,Beautiful,Nice,Beautiful,Nice,Beautiful,beautiful,beautiful
واضح,evident,Clear,Clear,Clear,Clear,Clear,Clear,Clear,Clear,clear,clear
موسمي,occasional,Seasonal,Seasonal,Seasonal,Seasonal,Seasonal,Seasonal,Seasonal,Seasonal,seasonal,seasonal
ممتع,pleasant,Fun,Enjoyable,Enjoyable,Enjoyable,Enjoyable,Enjoyable,Fun,Enjoyable,enjoyable,Enjoyable
كوني,universal,Beautiful,Generous,Single,Generous,Stubborn,Generous,Funny,Generous,cute,generous
كلاسيكي,classic,Classic,Classic,Classic,Classic,Classic,Classic,Classic,Classic,classic,classic
موسّخ,dirty,Sneaky,Ugly,Ugly,Confused,Sneaky,Ugly,Clumsy,Confused,messy,messy
كايكافء,equivalent,Generous,Generous,Generous,Generous,Generous,Generous,Generous,Generous,generous,generous
مرخي,loose,Relaxed,Relaxed,Relaxed,Relaxed,Relaxed,Relaxed,Chill,Relaxed,relaxed,relaxed
مبدع,creative,Creative,Creative,Creative,Creative,Creative,Creative,Creative,Creative,creative,creative
نهائي,ultimate,Final,Final,Final,Final,Final,Final,Final,Final,final,final
لغوي,linguistic,Linguistic,Linguistic,Linguistic,Linguistic,Linguistic,Linguistic,Linguistic,Linguistic,articulate,eloquent
تابت,steady,Stubborn,Stable,Stubborn,Stable,Stubborn,Sturdy,Stubborn,Sturdy,stubborn,stubborn
فكري,intellectual,Thoughtful,Intellectual,Thoughtful,Intellectual,Clever,Intellectual,Clever,Thoughtful,thoughtful,intellectual
قضائي,judicial,Judicial,Judicial,Judicial,Judicial,Judicial,Judicial,Judicial,Judicial,official,judicial
توري,revolutionary,Cool,Stubborn,Cute,Stubborn,Funny,Stubborn,Stubborn,Beautiful,Clever,stubborn
إمبراطوري,imperial,Imperial,Imperial,Imperial,Imperial,Imperial,Imperial,Regal,Imperial,majestic,majestic
خام,raw,Raw,Raw,Raw,Raw,Raw,Raw,Rough,Raw,raw,raw
خارجي,outer,External,External,External,External,External,External,Outstanding,External,external,external
مرّ,bitter,Cool,Bitter,Bitter,Bitter,Bitter,Bitter,Stubborn,Bitter,bitter,bitter
تجريبي,experimental,Experimental,Experimental,Trial,Experimental,Experimental,Experimental,Sassy,Experimental,experimental,experimental
جماعي,collective,Collective,Collective,Collective,Collective,Collective,Collective,Collective,Collective,friendly,collective
كايتعاود,frequent,Repetitive,Repetitive,Repetitive,Repetitive,Repeating,Repetitive,Repetitive,Repetitive,repetitive,repetitive
روحي,spiritual,Go away,Spiritual,Singular,Spiritual,Sassy,Soulful,Sassy,Spirited,spirited,spirited
مشارجي,intense,Rebellious,Stubborn,Rebellious,Stubborn,Stubborn,Stubborn,Rebellious,Stubborn,Stubborn,stubborn
تاريخي,historic,Historical,Historical,Historical,Historical,Historical,Historical,Historical,Historical,historical,historical
معقول,rational,Reasonable,Reasonable,Believable,Reasonable,Believable,Reasonable,Believable,Reasonable,reasonable,reasonable
حادّ,acute,Sharp,Sharp,Sharp,Severe,Sharp,Intense,Sharp,Sharp,sharp,sharp
منطقي,logical,Logical,Logical,Logical,Logical,Logical,Logical,Logical,Logical,logical,logical
مقبول,valid,Acceptable,Accepted,Acceptable,Accepted,Acceptable,Accepted,Accepted,Accepted,acceptable,acceptable
أُسبوعي,weekly,Weekly,Weekly,Weekly,Weekly,Weekly,Weekly,Weekly,Weekly,weekly,weekly
عشوائي,random,Random,Random,Random,Random,Random,Random,Random,Random,random,random
متواضع,modest,Humble,Humble,Humble,Humble,Humble,Humble,Humble,Humble,Humble,humble
مزيّر,tight,Stylish,Arrogant,Flashy,Arrogant,Stylish,Arrogant,Flashy,Annoying,Sneaky,sneaky
أتوماتيك,automatic,Automatic,Automatic,Automatic,Automatic,Automatic,Automatic,Automatic,Automatic,automatic,automatic
ناعس,asleep,Sleepy,Sleepy,Sleepy,Sleepy,Sleepy,Sleepy,Sleepy,Sleepy,sleepy,sleepy
دكي,clever,Stubborn,Stubborn,Stubborn,Stubborn,Stubborn,Stubborn,Sassy,Stubborn,stubborn,stubborn
مسؤول,liable,Responsible,Responsible,Responsible,Responsible,Responsible,Responsible,Responsible,Responsible,responsible,responsible
متبادل,mutual,Reciprocal,Alternative,Mutual,reciprocal,Mutual,Reciprocal,Reciprocal,Alternative,mutual,reciprocal
مضاعف,multiple,Multiplicative,Multiplicative,Double,Multiple,Doubled,Multiplicative,Multiplicative,Multiple,doubled,doubled
ثقة,reliable,Confident,Confident,Confident,Confident,Confidence,Confidence,Confidence,Confident,confident,confident
بوحدو,sole,Unique,Alone,Alone,Alone,Alone,Unique,Independent,Unique,Unique,unique
النواحي,nearby,The aspects,The sides,Aspects,aspects,Aspects,aspects,Aspects,The aspects,Sneaky,beautiful
هامشي,marginal,Marginal,Marginal,Marginal,Marginal,Marginal,Marginal,Marginal,Rural,Carefree,careless
مطابق,identical,Matching,Matching,Matching,Matching,Matching,Matching,Matching,Matching,matching,compatible
بضّبط,exact,Exactly,Exactly,Precise,Precise,Precise,Precisely,On point,Precisely,precise,precise
نتخابي,electoral,Energetic,Election-related,Elected,Election-related,Energetic,Election-related,Resourceful,Election-oriented,Sneaky,selective
مميّز,distinctive,Special,Distinct,Unique,Distinct,Unique,Distinct,Unique,Distinct,unique,distinct
شفوي,oral,Casual,Oral,Single,Oral,Stylish,Superficial,Sassy,Charismatic,talkative,spontaneous
عريان,bare,Naked,naked,Naked,naked,Naked,Naked,Naked,Naked,naked,naked
رئاسي,presidential,Presidential,Presidential,Presidential,Presidential,Presidential,Presidential,Presidential,Presidential,elegant,presidential
عضوي,organic,Organic,Organic,Unitary,Organic,Loyal,Organic,Loyal,Organic,loyal,organic
بلحساب,statistical,Calculative,Calculated,Calculative,Calculated,Calculative,Calculative,Resourceful,Stingy,careful,careful
عاجل,urgent,Urgent,Urgent,Urgent,Urgent,Urgent,Urgent,Urgent,Urgent,urgent,urgent
مرغوب,desirable,Desirable,Desirable,Desirable,Desirable,Desirable,Desirable,Desirable,Desirable,desirable,desirable
حصري,exclusive,Exclusive,Exclusive,Exclusive,Exclusive,Exclusive,Exclusive,Exclusive,Exclusive,exclusive,exclusive
يومي,everyday,Casual,Daily,Daily,Daily,Daily,Daily,Casual,Daily,casual,casual
رائع,superb,Awesome,Wonderful,Awesome,Wonderful,Awesome,Wonderful,Awesome,Wonderful,awesome,wonderful
صارم,strict,Strict,Strict,Strict,Strict,Strict,Strict,Strict,Strict,strict,strict
مامتوقّعش,unexpected,Unpredictable,Unpredictable,Unpredictable,Unpredictable,Unpredictable,Unpredictable,Unpredictable,Unpredictable,unpredictable,unpredictable
بريء,innocent,Innocent,Innocent,Innocent,Innocent,Innocent,Innocent,Innocent,Innocent,Innocent,innocent
بحري,marine,Maritime,Maritime,Maritime,Maritime,Marine,Maritime,Resourceful,Maritime,mysterious,marine
رومانسي,romantic,Romantic,Romantic,Romantic,Romantic,Romantic,Romantic,Romantic,Romantic,romantic,romantic
مصطانع,artificial,Stylish,Artificial,Industrial,Artificial,Crafty,Artificial,Resourceful,Artificial,creative,pretentious
مؤسساتي,institutional,My institutions,My institutions,My institution,My institutions,My institutions,My institutions,My institutions,My establishments,loyal,organized
رائع,magnificent,Awesome,Wonderful,Awesome,Wonderful,Awesome,Wonderful,Awesome,Wonderful,awesome,wonderful
بيولوجي,biological,Biological,Biological,Biological,Biological,Biological,Biological,Biological,Biological,biological,biological
ديپلوماسي,diplomatic,Diplomatic,Diplomatic,Diplomatic,Diplomatic,Diplomatic,Diplomatic,Diplomatic,Diplomatic,diplomatic,diplomatic
مناسب,convenient,Appropriate,Suitable,Appropriate,Suitable,Appropriate,Appropriate,Appropriate,Appropriate,appropriate,suitable
هائل,tremendous,Huge,Huge,Huge,Huge,Huge,Huge,Gigantic,Huge,enormous,enormous
رأسمالي,capitalist,Capitalist,Capitalist,Capitalist,Capitalist,Capitalist,Capitalist,Capitalist,Capitalist,Capitalist,capitalist
خدّام,functional,Servile,Servant,Servant,Servant,Servant,Servant,Hardworking,Servant,helpful,helpful
ميكانيكي,mechanical,Mechanic,Mechanical,Mechanic,Mechanical,Mechanic,Mechanic,Mechanic,Mechanic,mechanic,mechanical
مباشر,straightforward,Direct,Direct,Direct,Direct,Direct,Direct,Direct,Direct,direct,direct
ماميقّنش,uncertain,Unbelievable,Uncertain,Unsure,Uncertain,Uncertain,Uncertain,Stubborn,Uncertain,indecisive,doubtful
رقمي,digital,My phone number,My number,My number,Delicate,My number,Delicate,My number,Delicate,smart,elegant
مدهل,spectacular,Stylish,Tall,Attractive,Tall,Charming,Patient,Charming,Charming,Stunning,charming
عدواني,aggressive,Aggressive,Aggressive,Aggressive,Aggressive,Aggressive,Aggressive,Aggressive,Aggressive,aggressive,aggressive
عريان,naked,Naked,naked,Naked,naked,Naked,Naked,Naked,Naked,naked,naked
متفوّق,superior,Outstanding,Successful,Outstanding,Outstanding,Outstanding,Outstanding,Outstanding,Excellent,successful,successful
شهري,monthly,Monthly,Monthly,Monthly,Monthly,Monthly,Monthly,Stubborn,Monthly,stubborn,cheeky
تشريعي,legislative,Legislative,Legislative,Legislative,Legislative,Legislative,Legislative,Legislative,Legislative,legal,legal
إضافي,spare,Extra,Additional,Extra,Extra,Extra,Extra,Extra,Additional,extra,extra
صريح,explicit,Direct,Direct,Direct,Direct,Direct,Direct,Blunt,Direct,blunt,honest
مؤلم,painful,Painful,Painful,Painful,Painful,Painful,Painful,Painful,Painful,painful,painful
متابع,successive,Follower,Follower,Follower,Follower,Follower,Follower,Loyal,Dedicated,loyal,loyal
دكي,intelligent,Stubborn,Stubborn,Stubborn,Stubborn,Stubborn,Stubborn,Sassy,Stubborn,stubborn,stubborn
مقلّق,unhappy,Annoying,Disturbing,Annoying,Disturbing,Disturbing,Disturbing,Annoying,Disturbing,Annoying,disturbing
جيني,genetic,Jenny,Genius,Jenny,Genius,Genie,Genuine,Funny,Beautiful,Clever,cute
ماضاروريش,unnecessary,Mischievous,Unnecessary,Essential,Stubborn,Stubborn,Unpredictable,Stubborn,Unpredictable,unpredictable,stubborn
مؤثر,influential,Touching,Touching,Influential,Touching,Touching,Touching,Influential,Touching,touching,touching
غير,just,Different,Different,Different,Different,Different,Different,Rebellious,Different,different,different
هير,just,Shy,Silky,Beautiful,Silky,Curly,Silky,Crazy,Shy,Sly,brave
جيست,just,Guest,Nice,Guest,Nice,Cool,Honest,Funny,Generous,cool,smart
جيعان,hungry,Hungry,Hungry,Hungry,Hungry,Hungry,Hungry,Hungry,Hungry,hungry,hungry
مكتّف,intensive,Satisfied,Satisfied,Content,Satisfied,Satisfied,Satisfied,Resourceful,Satisfied,Satisfied,satisfied
استوائي,tropical,Tropical,Tropical,Tropical,Tropical,Tropical,Tropical,Tropical,Tropical,tropical,tropical
موازي,parallel,Parallel,Parallel,Parallel,Parallel,Parallel,Parallel,Parallel,Parallel,parallel,parallel
ماباينش,subtle,Invisible,Invisible,Invisible,Invisible,Invisible,Invisible,Invisible,Invisible,invisible,invisible
آمن,secure,Safe,Safe,Safe,Safe,Safe,Safe,Trustworthy,Safe,trustworthy,safe
لتحتاني,bottom,Stubborn,Humble,To be shy,Arrogant,Stubborn,Humble,Sneaky,Humble,Sneaky,stubborn
رائع,marvelous,Awesome,Wonderful,Awesome,Wonderful,Awesome,Wonderful,Awesome,Wonderful,awesome,wonderful
فتيتاحي,preliminary,Shy,Shy,Single,Shy,Charming,Charming,Charming,Courageous,charming,charming
جزء,partial,Part,Participating,Part,Part of,Part,Partial,Funny,Partial,generous,generous
أقلّ,lesser,Minimal,Less,Less,Less,Minimal,Least,Minimal,Least,quiet,humble
مساعد,assistant,Helpful,Helpful,Helpful,Helpful,Helpful,Helpful,Helpful,Helpful,helpful,helpful
عمودي,vertical,Vertical,Vertical,Vertical,Vertical,Vertical,Vertical,Vertical,Vertical,upright,vertical
تدريجي,progressive,Gradual,Gradual,Gradual,Gradual,Gradual,Gradual,Gradual,Gradual,gradual,gradual
قارّي,continental,Illiterate,Heavy,Illiterate,Proud,Smart,Proud,Smart,Generous,smart,smart
كايعيّف,nasty,Confused,Confused,Confused,Confused,Confused,Confused,Resourceful,Stunning,clumsy,confused
راقي,elegant,Classy,Elegant,Elegant,Elegant,Classy,Elegant,Classy,Elegant,elegant,elegant
ملموس,concrete,Tangible,Tangible,Tangible,Tangible,Tangible,Tangible,Tangible,Tangible,tangible,tangible
مؤقت,interim,Temporary,Temporary,Temporary,Temporary,Temporary,Temporary,Temporary,Temporary,temporary,temporary
إلزامي,compulsory,Mandatory,Mandatory,Mandatory,Mandatory,mandatory,Mandatory,Mandatory,Mandatory,mandatory,mandatory
مزمن,chronic,Chronic,Chronic,Chronic,Chronic,Chronic,Chronic,Chronic,Chronic,chronic,chronic
كايتخلّص,payable,Relieved,Relieved,It's escaping.,Relieved,Resourceful,Resourceful,Resourceful,Resourceful,Annoying,smart
منهاجي,systematic,My curriculum,Educational,My curriculum,Educational,My curriculum,Educational,My curriculum,Methodical,Studious,disciplined
موضوعي,objective,My topic,Subjective,My topic,Subjective,My topic,Subjective,Chel7,Serious,serious,serious
مميّز,characteristic,Special,Distinct,Unique,Distinct,Distinct,Distinct,Unique,Distinct,unique,distinct
فازڭ,damp,Winner,Successful,Winner,Proud,Funny,Fierce,Sassy,Confident,stubborn,proud
حسّاس,delicate,Sensitive,Sensitive,Sensitive,Sensitive,Sensitive,Sensitive,Sensitive,Sensitive,Sensitive,sensitive
مملّ,dull,Boring,Boring,Boring,Boring,Boring,Boring,Boring,Boring,boring,boring
سحري,magic,Magical,Magical,Magical,Magical,Magical,Enchanting,Magical,Magical,magical,magical
منيرڤي,upset,Monirvi,Energetic,Monirvi,Menervi - Bright,Monirvi,Shiny,Sassy,Bright,energetic,playful
أوّل,premier,First,First,First,First,First,First,First,First,first,first
كايضحّك,fun,Funny,Funny,Funny,Funny,Funny,Funny,Funny,Funny,funny,funny
رائع,splendid,Awesome,Wonderful,Awesome,Wonderful,Awesome,Wonderful,Awesome,Wonderful,Fantastic,wonderful
خدّام,operational,Servile,Servant,Servant,Servant,Servant,Hardworking,Hardworking,Servant,helpful,helpful
ستشاري,advisory,Consultant,Consultative,Consultant,Consultative,Consultant,Consultative,Consultant,Wise,smart,stubborn
بدائي,primitive,Primitive,Primitive,Primitive,Primitive,Primitive,Primitive,Primitive,Primitive,Primitive,primitive
إديولوجي,ideological,Ideological,Ideological,Ideological,Ideological,Ideological,Ideological,Ideological,Ideological,ideological,ideological
تيكنولوجي,technological,Technological,Technological,Technological,Technological,Technological,Technological,High-tech,Technological,technological,technological
أنيق,neat,Stylish,Elegant,Stylish,Elegant,Stylish,Elegant,Stylish,Elegant,elegant,elegant
معاكس,contrary,Opposite,Opposite,Opposite,Opposite,Opposite,Contrary,Rebellious,Opposite,flirtatious,opposite
ملاسق,adjacent,Attached,Close,Clumsy,Close,Nosy,Close,Clumsy,Close,Charming,charming
عدواني,hostile,Aggressive,Aggressive,Aggressive,Aggressive,Aggressive,Aggressive,Aggressive,Aggressive,aggressive,aggressive
متلي,gay,Cool,Cute,Unique,Like me,Like me,Unique,Savage,Clever,Clever,crazy
امن,peaceful,Safe,Safe,Safe,Safe,Safe,Safe,Safe,Safe,safe,safe
كايخلع,horrible,Stylish,Stylish,Stylish,Noisy,Stylish,Stylish,Swaggering,Stylish,messy,messy
جغرافي,geographical,Geographical,Geographic,Geographic,Geographic,Geographical,Geographical,Geographical,Geographic,geographical,geographic
ديناميكي,dynamic,Dynamic,Dynamic,Dynamic,Dynamic,Dynamic,Dynamic,Dynamic,Dynamic,dynamic,dynamic
متحرّك,dynamic,Mobile,Mobile,Mobile,Mobile,Mobile,Dynamic,Mobile,Dynamic,energetic,active
ممتاز,super,Excellent,Excellent,Excellent,Excellent,Excellent,Excellent,Excellent,Excellent,Excellent,excellent
تمين,precious,Beautiful,Safe,Safe,Safe,Crazy,Safe,Chill,Generous,Generous,generous
غالي,precious,Expensive,Expensive,Expensive,Expensive,Expensive,Expensive,Expensive,Expensive,expensive,expensive
ملحوض,notable,Noted,Noted,Noticeable,Noted,Noted.,Noted,Sharp,Noticed,noticeable,noticeable
محدّد,definite,Specific,Specific,Specific,Specific,Specific,Specific,Specific,Specific,determined,determined
مؤسف,unfortunate,Sad,Sad,Sad,Sad,Sad,Unfortunate,Bummer,Sad,sad,sad
فنّي,artistic,Artistic,Artistic,Artistic,Artistic,Talented,Artistic,Artistic,Artistic,Artistic,artistic
ميغناطيسي,magnetic,Magnetic,Magnetic,Magnetic,Magnetic,Magnetic,Magnetic,Magnetic,Magnetic,charismatic,charismatic
ماكايتقاداش,endless,Unbelievable,Unbelievable,Nothing,Unbelievable,Unbelievable,Unbelievable,Unbelievable,Unbelievable,unbelievable,unbelievable
شرس,fierce,Fierce,Fierce,Fierce,Fierce,Fierce,Fierce,Fierce,Fierce,fierce,fierce
خفيف,mild,Light,Light,Light,Light,Light,Light,Light,Light,light,light
مجهّد,loud,Tired,Tired,Tired,Tired,Tired,Hardworking,Hardworking,Tired,hardworking,exhausted
طموح,ambitious,Ambitious,Ambitious,Ambitious,Ambitious,Ambitious,Ambitious,Ambitious,Ambitious,ambitious,ambitious
بلهضرا,verbal,Clumsy,Shiny,Clumsy,Shiny,Funny,Shiny,Resourceful,Shy,Confused,confused
ناضج,mature,Mature,Mature,Mature,Mature,Mature,Mature,Mature,Mature,mature,mature
شرعي,legitimate,Legit,Legal,Legitimate,Legal,Legit,Legitimate,Legit,Legitimate,legitimate,legitimate
معروف,well-known,Famous,Famous,Famous,Famous,Famous,Famous,Famous,Famous,famous,famous
محرج,awkward,Embarrassing,Embarrassing,Embarrassing,Embarrassing,Embarrassing,Embarrassing,Embarrassing,Embarrassing,embarrassing,embarrassing
راضي,content,Satisfied,Satisfied,Satisfied,Satisfied,Satisfied,Satisfied,Satisfied,Satisfied,satisfied,satisfied
تجريبي,empirical,Experimental,Experimental,Experimental,Experimental,Experimental,Experimental,Sassy,Experimental,adventurous,experimental
صعيب,harsh,Difficult,Difficult,Difficult,Difficult,Difficult,Difficult,Tough,Difficult,difficult,difficult
قاسح,harsh,Harsh,Harsh,Harsh,Harsh,Rude,Harsh,Rude,Harsh,stubborn,harsh
متعاطف,sympathetic,Sympathetic,Compassionate,Compassionate,Compassionate,Sympathetic,Compassionate,Compassionate,Compassionate,compassionate,compassionate
ستعماري,colonial,Colonial,Colonial,Colonial,Colonial,Colonial,Colonial,Resourceful,Colonial,Generous,colonial
خبيت,evil,Hidden,Clever,Hidden,Hidden,Hidden,Hidden,Sneaky,Hidden,hidden,hidden
شرّير,evil,Evil,Evil,Naughty,Evil,Naughty,Evil,Sneaky,Evil,wicked,wicked
بحري,naval,Maritime,Maritime,Maritime,Maritime,Marine,Maritime,Resourceful,Maritime,spontaneous,marine
ملائم,favorable,Appropriate,Suitable,Appropriate,Suitable,Appropriate,Appropriate,Appropriate,Appropriate,appropriate,appropriate
وسط,mid,Average,Middle,Average,Average,Central,Middle,Average,Average,average,average
غايب,absent,Absent,Absent,Absent,Absent,Absent,Absent,Absent,Absent,absent,absent
واسع,vague,Spacious,Spacious,Spacious,Spacious,Spacious,Spacious,Spacious,Spacious,spacious,spacious
عرقي,racial,Sweaty,Sweaty,Sweaty,Sweaty,Sweaty,Sweaty,Sweaty,Sweaty,Sweaty,sweaty
تمتيلي,representative,Talented,Stubborn,Tameeli,Flexible,Sassy,Stubborn,Sassy,Stubborn,Clever,stubborn
باهت,faint,Dull,Faded,Dull,Faded,Dull,Faded,Dull,Faded,dull,pale
حيوي,lively,Dynamic,Lively,Dynamic,Lively,Lively,Lively,Lively,Dynamic,energetic,energetic
ساحلي,coastal,Coastal,Coastal,Coastal,Coastal,Coastal,Coastal,Coastal,Coastal,coastal,coastal
متحمّس,enthusiastic,Excited,Excited,Excited,Excited,Excited,Excited,Excited,Excited,excited,excited
فمينيست,feminist,Feminist,Feminist,Feminist,Feminist,Feminist,Feminist,Feminist,Feminist,feminist,feminist
صلب,rigid,Tough,Hard,Tough,Hard,Tough,Tough,Tough,Tough,tough,firm
عميق,profound,Deep,Deep,Deep,Deep,Deep,Deep,Profound,Deep,deep,deep
هائل,immense,Huge,Huge,Huge,Huge,Huge,Huge,Enormous,Huge,enormous,huge
نسبي,comparative,Relaxed,Relative,Relative,Relative,My relative,Relative,Chill,Relative,generous,relative
غريب,peculiar,Strange,Strange,Strange,Strange,Strange,Strange,Weird,Strange,strange,strange
مفيد,beneficial,Useful,Helpful,Useful,Helpful,Useful,Helpful,Helpful,Helpful,helpful,helpful
متنقل,mobile,Mobile,Versatile,Mobile,versatile,Mobile,Adaptable,Versatile,Adaptable,versatile,flexible
منتج,productive,Product,Productive,Product,Productive,Product,Productive,Resourceful,Productive,productive,productive
سطحي,shallow,Superficial,Superficial,Superficial,Superficial,Superficial,Superficial,Superficial,Superficial,Superficial,superficial
حريص,eager,Cautious,Eager,Cautious,Eager,Cautious,Eager,Cautious,Eager,cautious,eager
رمزي,symbolic,Symbolic,Symbolic,Symbolic,Symbolic,Symbolic,Symbolic,Mysterious,Symbolic,mysterious,mysterious
معتادل,moderate,Average,Balanced,Average,Balanced,Average,Balanced,Average,Balanced,average,balanced
قاتل,fatal,Fighter,Deadly,Fighter,Deadly,Killer,Deadly,Savage,Deadly,funny,killer
مجموع,compact,Cool,Complete,Total,Total,Cool,Collective,Chel7,Total,Generous,elegant
مربح,profitable,Profitable,Profitable,Profitable,Profitable,Profitable,Profitable,Profitable,Profitable,profitable,profitable
منافس,rival,Competitive,Competitive,Competitor,Competitive,Competitor,Competitive,Competitive,Competitive,competitive,competitive
جزيئي,molecular,Molecular,Molecular,Molecular,Partial,Partial,Mysterious,Mysterious,Partial,molecular,molecular
إداري,managerial,Administrative,Administrative,Administrative,Administrative,Administrative,Administrative,Administrative,Administrative,efficient,administrative
الداخلي,interior,Internal,Internal,Interior,Internal,The insider,Internal,Insider,Internal,internal,internal
خطّي,linear,Messy,My mistake,Straight,Straight,Stubborn,Delicate,Stubborn,Delicate,clumsy,clumsy
ماكافيش,insufficient,"There is no equivalent adjective in English for ""makayesh"" in Moroccan Arabic.",Unique,"There is no equivalent in English for ""ماكافيش"" in Moroccan Arabic.",Unbelievable,Stubborn,Unique,Resourceful,Generous,clumsy,insignificant
مؤهّل,eligible,Qualified,Qualified,Qualified,Qualified,Qualified,Qualified,Qualified,Qualified,Qualified,qualified
معنفج,uncomfortable,Stylish,Sparkling,Confused,Confused,Agitated,Confused,Bossy,Confused,confused,confused
ماموريحش,uncomfortable,Stubborn,Stubborn,Stubborn,Confused,Stubborn,Stubborn,Stubborn,Stubborn,confused,confused
مخلص,loyal,loyal,Sincere,loyal,Sincere,Dedicated,Dedicated,Dedicated,Sincere,loyal,loyal
مرتقب,prospective,Expected,Expected,Expected,Expected,Expected,Anticipated,Anticipated,Expected,anticipated,anticipated
تلواليدين,parental,Talwaledin -> Mischievous,Ambitious,Talwalidin,Ambidextrous,Naive,Stubborn,Resourceful,Talented,Mischievous,stubborn
مالي,fiscal,Confused,Confused,Broke,Confused,Confused,Confused,Stubborn,Confused,confused,confused
تلفلوس,fiscal,Stingy,Rich,Stingy,Rich,Generous,Generous,Stingy,Generous,greedy,greedy
خاوي,blank,Empty,Empty,Empty,Empty,Empty,Empty,Empty,Empty,Empty,empty
قاسي,cruel,Harsh,Harsh,Harsh,Harsh,Harsh,Harsh,Tough,Harsh,harsh,harsh
وحشي,cruel,Savage,Savage,Savage,Savage,Savage,Savage,Savage,Wild,savage,savage
متنوّع,diverse,Diverse,Diverse,Diverse,Diverse,Diverse,Diverse,Diverse,Diverse,diverse,diverse
نبيل,noble,Generous,Noble,Noble,Noble,Generous,Noble,Generous,Noble,noble,noble
متغيّر,variable,Variable,Variable,Variable,Variable,Variable,Variable,Versatile,Variable,unpredictable,changeable
متأصّل,inherent,Deep-rooted,Deep-rooted,Deep-rooted,Deep-rooted,Rooted,Deep-rooted,Deep-rooted,Deep-rooted,Deep-rooted,deep-rooted
خام,crude,Raw,Raw,Raw,Raw,Raw,Raw,Rough,Raw,raw,raw
مشبوه,suspicious,Suspicious,Suspicious,Suspicious,Suspicious,Suspicious,Suspicious,Suspicious,Suspicious,suspicious,suspicious
نتقائي,selective,Picky,Selective,Selective,Selective,Picky,Selective,Picky,Selective,elegant,selective
مفصّل,elaborate,Detailed,Detailed,Detailed,Detailed,Detailed,Detailed,Detailed,Detailed,meticulous,detailed
متوسّط,intermediate,Average,Average,Average,Average,Average,Average,Average,Average,average,average
غامض,mysterious,Mysterious,Mysterious,Mysterious,Mysterious,Mysterious,Mysterious,Mysterious,Mysterious,mysterious,mysterious
فلسفي,philosophical,Philosophical,Philosophical,Philosophical,Philosophical,Philosophical,Philosophical,Philosophical,Philosophical,philosophical,philosophical
متعمّد,deliberate,Intentional,Intentional,Intentional,Intentional,Intentional,Intentional,Intentional,Intentional,stubborn,intentional
حنون,tender,Affectionate,Affectionate,Affectionate,Affectionate,Affectionate,Affectionate,Tender,Affectionate,affectionate,affectionate
محضوض,fortunate,Confused,Confused,Tired,Confused,Confused,Confused,Stylish,Confused,confused,confused
محمي,protective,Protected,Protected,Protected,Protected,Protected,Protected,Protected,Protected,protected,protected
مقدّس,sacred,Sacred,sacred,Sacred,sacred,Sacred,Sacred,Sacred,Sacred,sacred,sacred
سائل,liquid,Curious,Thirsty,Curious,Thirsty,Curious,Curious,Chill,Thirsty,curious,curious
شمسي,solar,Sunny,Sunny,Sunny,Sunny,Sunny,Sunny,Sunny,Sunny,Sunny,sunny
ماموفريحش,unpleasant,Unhappy,Unimpressed,Unhappy,Unimpressed,Unbothered,Unhappy,Unbothered,Disappointed,generous,uncomfortable
رياضياتي,mathematical,My mathy,Mathematical,My math.,Mathematical,My mathy,Mathematical,My mathy,Mathematical,mathematical,mathematical
دفاعي,defensive,Defensive,Defensive,Defensive,Defensive,Defensive,Defensive,Defensive,Defensive,defensive,defensive
معماري,architectural,Architectural,Architectural,Architectural,Architectural,Architect,Architectural,Architect,Architectural,creative,architectural
يدوي,manual,Handmade,Manual,Manual,Manual,Manual,Manual,Rustic,Manual,Handmade,noisy
دائري,circular,Circular,Circular,Circular,Circular,Circular,Circular,Circular,Circular,round,round
مصرّ,persistent,Cool,Stingy,Egyptian,Stingy,Stubborn,Stubborn,Stubborn,Stubborn,stubborn,stubborn
متابر,persistent,Stubborn,Stubborn,Stubborn,Stubborn,Stubborn,Persistent,Stubborn,Stubborn,stubborn,stubborn
إلهي,divine,Divine,Divine,My Lord,Divine,Divine,Divine,Hilarious,Beautiful,beautiful,divine
مكاني,spatial,My place,My place,My place,My place,My place,Cozy,My place,Cozy,loyal,loyal
مامقبولش,unacceptable,Unacceptable,Unacceptable,Unacceptable,Unacceptable,Unacceptable,Unacceptable,Unacceptable,Unacceptable,unacceptable,unacceptable
مسموم,toxic,Poisoned,Poisonous,Poisoned,poisonous,Poisoned,Poisoned,Toxic,Poisonous,poisonous,poisonous
مؤهّل,competent,Qualified,Qualified,Qualified,Qualified,Qualified,Qualified,Qualified,Qualified,Qualified,qualified
متكامل,integral,Well-rounded,Complete,Integrated,Complete,Integrated,Comprehensive,Versatile,Integrated,well-rounded,complete
مامقيوسش,intact,Unreliable,Confused,Confused,Confused,Stubborn,Confused,Stubborn,Confused,confused,disgusting
معاود,redundant,Repetitive,Repeated,Repeated,Repeated,Stubborn,Repetitive,Stubborn,Stubborn,stubborn,repetitive
زايد,redundant,Excessive,Excessive,Excessive,Excessive,Excessive,Excessive,Extra,Excessive,extra,excessive
زاعم,bold,Arrogant,Arrogant,Arrogant,Arrogant,Arrogant,Arrogant,Arrogant,Arrogant,arrogant,arrogant
هاوي,amateur,Amateur,Amateur,Amateur,Amateur,Amateur,Amateur,Amateur,Amateur,amateur,passionate
ڭدّامي,forward,Traditional,Servile,Courageous,Servile,Generous,Servile,Resourceful,Servile,Generous,generous
قدّامي,forward,In front of me,In front of me,In front of me,In front,In front of me,In front of me,Confident,In front of me,brave,brave
ماباينش,invisible,Invisible,Invisible,Invisible,Invisible,Invisible,Invisible,Invisible,Invisible,invisible,invisible
إدراكي,cognitive,Aware,Perceptive,My awareness,Perceptive,My awareness,Perceptive,Aware,Aware,aware,conscious
مأساوي,tragic,Tragic,Tragic,Tragic,Tragic,Tragic,Tragic,Tragic,Tragic,tragic,tragic
مفجع,tragic,Heartbreaking,Heartbreaking,Heartbreaking,Heartbreaking,Heartbreaking,Heartbreaking,Heartbreaking,Heartbreaking,heartbreaking,heartbreaking
تنضيمي,regulatory,Organized,Organized,Organized,Organized,Organized,Organized,Organized,Organized,organized,organized
حاسم,decisive,Decisive,Decisive,Decisive,Decisive,Decisive,Decisive,Decisive,Decisive,decisive,decisive
إقليمي,territorial,Regional,Regional,Regional,Regional,Regional,Regional,Regional,Regional,Regional,Regional
منطقي,territorial,Logical,Logical,Logical,Logical,Logical,Logical,Logical,Logical,logical,logical
فايق,awake,Awake,Awake,Awake,Awake,Awake,Alert,Alert,Alert,awake,awake
داخلي,inland,Internal,Internal,Internal,Internal,Interior,Internal,Cozy,Internal,introverted,introverted
محتمل,probable,Possible,Possible,Possible,Possible,Possible,Possible,Possible,Possible,possible,possible
عكسي,adverse,Opposite,Opposite,Opposite,Opposite,Opposite,Opposite,Opposite,Opposite,opposite,opposite
محترم,respectable,Respectful,Respectful,Respectful,Respectful,Respectful,Respectful,Respectful,Respectful,Respectful,respectful
ساكن,resident,Resident,Resident,Resident,Quiet,Resident,Resident,Chill,Quiet,quiet,calm
مقيم,resident,Resident,Resident,Resident,Resident,Resident,Resident,Chill,Resilient,smart,patient
مدني,civilian,Civil,Civil,Civil,Urban,Civil,Civil,Civilized,Civilized,civilized,civilized
أُرتودوكسي,orthodox,Orthodox,Orthodox,Orthodox,Orthodox,Orthodox,Orthodox,Traditional,Orthodox,Orthodox,orthodox
متعصّب,orthodox,Fanatical,Biased,Fanatic,Biased,Bigoted,Biased,Fanatic,Biased,irritated,irritated
تابت,static,Stubborn,Stubborn,Stubborn,Stable,Stubborn,Sturdy,Stubborn,Sturdy,calm,stubborn
واڭف,static,Stylish,Beautiful,Beautiful,Confident,Crazy,Beautiful,Sassy,Confident,Clever,brave
متوافق,compatible,Compatible,Compatible,Compatible,Compatible,Compatible,Compatible,Compatible,Compatible,compatible,compatible
سببي,causal,My reason,Mysterious,My reason,Mysterious,My reason,Mysterious,Stubborn,Generous,stubborn,stubborn
ضمني,implicit,Confident,Tight,Inclusive,Include me,Include me,Warm,Confident,Warm,protective,cute
مامفروشّ,implicit,Generous,Unsold,Stingy,Unsold,Generous,Unsellable,Stylish,Generous,Generous,stubborn
قديم,old-fashioned,Old,Old,Old,Old,Ancient,Old,Ancient,Old,old,old
جمالي,aesthetic,My beauty,Beautiful,My beauty,Beautiful,My beauty,Beautiful,My beauty,Beautiful,Beautiful,beautiful
مبوڭس,aesthetic,Irritated,Stubborn,Confused,Stubborn,Stubborn,Stubborn,Stubborn,Generous,Confused,confused
مجموع,aggregate,Cool,Total,Total,Total,Total,Collective,Chel7,Complete,Generous,elegant
رقيق,slim,Delicate,Delicate,Delicate,Delicate,Delicate,Delicate,Delicate,Delicate,delicate,delicate
طويل,lengthy,Tall,Tall,Tall,Tall,Tall,Tall,Tall,Tall,tall,tall
مزداوج,dual,Confused,Paired,Paired,Paired,Confused,Paired,Stubborn,Paired,confused,confused
رائع,fantastic,Awesome,Wonderful,Awesome,Wonderful,Awesome,Wonderful,Awesome,Wonderful,awesome,wonderful
مافراسوش,unaware,Unpredictable,Unbothered,Unruly,Unbothered,Unpredictable,Unimpressed,Savage,Stubborn,confused,confused
ماواعيش,unconscious,Unlivable,Generous,What a life!,Unhappy,Unlucky,Unbelievable,Resourceful,Generous,stubborn,carefree
أخلاقي,ethical,Ethical,Moral,My moral,Moral,My morals,Ethical,Ethical,Ethical,ethical,moral
مستيلي,fashionable,Stylish,Slick,Stylish,Slick,Sneaky,Delicious,Sassy,Sassy,charming,elegant
مجهول,anonymous,Unknown,Unknown,Unknown,Unknown,Unknown,Unknown,Unknown,Unknown,unknown,unknown
فشكل,exotic,Stylish,Unique,Unique,Unique,Stylish,Unique,Stylish,Unique,weird,handsome
غريب,exotic,Strange,Strange,Strange,Strange,Strange,Strange,Weird,Strange,strange,strange
مراهق,teenage,Teenager,Teenage,Teenager,Adolescent,Teenager,Adolescent,Teenager,Teenager,rebellious,adolescent
غالي,costly,Expensive,Expensive,Expensive,Expensive,Expensive,Expensive,Expensive,Expensive,expensive,expensive
كارتي,disastrous,My card,My card,My card,My card,My card,My card,Stylish,Generous,stubborn,stubborn
مستاقلّ,autonomous,Independent,Independent,Independent,Independent,Independent,Independent,Resourceful,Independent,independent,independent
أوتوماتيك,autonomous,Automatic,Automatic,Automatic,Automatic,Automatic,Automatic,Automatic,Automatic,automatic,automatic
ذري,atomic,Tiny,Tiny,Tiny,Tiny,Wild,Tiny,Savage,Tiny,cute,tiny
سرّي,confidential,Mysterious,Mysterious,Secret,Secret,Mysterious,Mysterious,Mysterious,Mysterious,mysterious,mysterious
حمق,foolish,Stupid,Silly,Stupid,Stupid,Stupid,Silly,Silly,Silly,foolish,silly
ملوّن,colorful,Colorful,Colorful,Colorful,Colorful,Colorful,Colorful,Colorful,Colorful,colorful,colorful
بنين,delicious,Cool,Delicious,Cute,Delicious,Cute,Delicious,Cool,Delicious,cute,good
عميق,thorough,Deep,Deep,Deep,Deep,Deep,Deep,Profound,Deep,deep,deep
مغرم,fond,In love,In love,In love,Enamored,In love,Enamored,Infatuated,Enamored,smitten,in love
جديد,novel,New,New,New,New,Fresh,New,Fresh,New,fresh,new
منتاضم,uniform,Regular,Regular,Regular,Regular,Consistent,Organized,Reliable,Tidy,organized,organized
متناسق,coherent,Harmonious,Harmonious,Harmonious,Harmonious,Harmonious,Harmonious,Harmonious,Harmonious,harmonious,harmonious
مجيد,glorious,Majestic,Glorious,Generous,Glorious,Talented,Glorious,Talented,Glorious,generous,generous
نفسي,psychiatric,I want,Desirous,Self,Same,Selfish,Desperate,Ch7al.,Desperate,stubborn,selfish
معجمي,lexical,My dictionary,Lexical,My dictionary,Educational,My dictionary,Educational,Resourceful,Educated,Generous,scholarly
تطوّري,evolutionary,Evolved,Developed,Developed,Developed,Evolved,Progressive,Sassy,Progressive,Intelligent,creative
كايربّي,disciplinary,Cute,Cute,Cute,Happy,Crazy,Beautiful,Chill,Beautiful,generous,adorable
تأديبي,disciplinary,Disciplined,Disciplinary,Disciplined,Disciplinary,My discipline,Disciplinary,Strict,Disciplined,strict,disciplined
عتباطيا,arbitrary,Stubborn,Stubborn,Stubborn,Stubborn,Stubborn,Stubbornly,Stubborn,Stubborn,stubborn,stubborn
كايفرّح,delightful,Happy,Happy,Happy,Happy,Happy,Happy,Cheerful,Happy,cheerful,happy
متشرّد,homeless,Homeless,Homeless,Homeless,Homeless,Homeless,Neglected,Broke,Homeless,homeless,homeless
شمكار,homeless,Stylish,Generous,Stingy,Generous,Stubborn,Generous,Resourceful,Generous,Sneaky,smart
غريب,weird,Strange,Strange,Strange,Strange,Strange,Strange,Weird,Strange,strange,strange
حميمي,intimate,Close,Cozy,Intimate,Cozy,Cozy,Cozy,Cozy,Cozy,cozy,cozy
هائل,formidable,Huge,Huge,Huge,Huge,Huge,Huge,Gigantic,Huge,enormous,huge
تدريجي,gradual,Gradual,Gradual,Gradual,Gradual,Gradual,Gradual,Gradual,Gradual,gradual,gradual
فلخارج,outdoor,Outdoorsy,Foreign,Foreign,Foreign,Outrageous,Outstanding,Outgoing,Outstanding,outgoing,outgoing
مهني,vocational,Professional,Professional,Professional,Professional,Professional,Professional,Professional,Professional,professional,professional
تلخدمة,vocational,Efficient,Excellent,efficient,efficient,Efficient,Excellent,Hardworking,Efficient,helpful,efficient
عالمي,worldwide,Worldly,Global,Universal,Global,Worldly,Global,Worldly,Global,cool,sophisticated
حشمان,ashamed,Modest,Dignified,Modest,Dignified,Modest,Dignified,Modest,Dignified,Respectful,respectful
تنضيمي,organizational,Organized,Organized,Organized,Organized,Organized,Organized,Organized,Organized,organized,organized
خبيت,wicked,Hidden,Hidden,Hidden,Hidden,Hidden,Hidden,Sneaky,Hidden,sneaky,hidden
تخيّلي,imaginative,Imaginative,Imaginative,Imaginary,Imaginative,Imagine,Imaginative,Imaginative,Imaginative,imaginative,imaginative
عجيب,bizarre,Weird,Amazing,Weird,Amazing,Amazing,Amazing,Amazing,Amazing,amazing,amazing
نهائي,eventual,Final,Final,Final,Final,Final,Final,Final,Final,final,final
مرتاجل,spontaneous,Confident,Respectable,Stubborn,Determined,Stubborn,Respectable,Resourceful,Respectful,reliable,brave
ماكايتصنّعش,spontaneous,Not manufactured.,Unreliable,Not manufactured,Unreliable,Unreliable,Unmanufactured,Unapologetic,Unpredictable,carefree,authentic
وزاري,ministerial,Ministerial,Ministerial,Ministerial,Ministerial,Ministerial,Ministerial,Ministerial,Ministerial,elegant,elegant
مبتكر,innovative,Innovative,Innovative,Innovative,Innovative,Innovative,Innovative,Innovative,Innovative,Innovative,innovative
مفاهيمي,conceptual,My concepts,Conceptual,My concept,Conceptual,My concepts,Conceptual,My concepts,My concepts,confused,understanding
مدني,civic,Civil,Civil,Civil,Urban,Civil,Civil,Civilized,Civil,polite,civilized
حيّ,vivid,Alive,Lively,Alive,Lively,Alive,Lively,Lively,Lively,Lively,alive
مخلص,faithful,Loyal,Sincere,Sincere,Sincere,Dedicated,Dedicated,Dedicated,Sincere,loyal,loyal
متوسّط,medium,Average,Average,Average,Average,Average,Average,Average,Average,average,average
تكميلي,supplementary,Complementary,Complementary,Complementary,Complementary,Complementary,Complementary,Resourceful,Complementary,stubborn,complementary
جيولوجي,geological,Geological,Geological,Geological,Geological,Geological,Geological,Geological,Geological,Geologist,geological
بنّاء,constructive,Skilled,Skillful,Builder,Skillful,Skilled,Skillful,Handy,Skilled,resourceful,creative
كايبني,constructive,Cool,Cute,Tired,Cute,Funny,Stunning,Sneaky,Cute,Sneaky,cute
ضروري,mandatory,Essential,Necessary,Essential,Essential,Essential,Essential,Ch7al: Essential,Essential,necessary,necessary
مشمّش,sunny,Apricot,Apricot,Apricot,Apricot,Apricot,Apricot,Juicy,Delicious,delicious,delicious
تعاوني,cooperative,Cooperative,Cooperative,Cooperative,Cooperative,Cooperative,Cooperative,Cooperative,Cooperative,helpful,cooperative
سلوكي,behavioral,My behavior,Behavioral,My behavior,Behavioral,My behavior,Behavioral,My behavior,Polite,polite,polite
ماباغيش,unwilling,Not interested,Reluctant,I don't want.,Reluctant,Unwilling,Reluctant,Reluctant,Reluctant,unwilling,reluctant
صحيح,vigorous,Correct,True,Correct,Correct,Correct,True,Correct,Correct,correct,correct
ختياري,optional,Optional,Optional,Optional,Optional,Choosy,Delicious,Sassy,Delicious,picky,stubborn
أصلي,indigenous,Authentic,Original,Authentic,Authentic,Authentic,Authentic,Authentic,Authentic,honest,honest
ماناجحش,unsuccessful,Unsuccessful,Unsuccessful,I'm not successful.,Unsuccessful,I'm not successful.,Unsuccessful,Unlucky,Unsuccessful,clumsy,unsuccessful
مامأدّبش,rude,Rude,Rude,Rude,Rude,Rude,Rude,Messy,Rude,unruly,unruly
مامربّيش,rude,Stubborn,Unruly,Stubborn,Neglectful,Stubborn,Stubborn,Stubborn,Stubborn,carefree,careless
بورجوازي,bourgeois,Bourgeois,Bourgeois,Bourgeois,Bourgeois,Bourgeois,Bourgeois,Bourgeois,Bourgeois,bourgeois,bourgeois
علماني,secular,Secular,Secular,Secular,Secular,Secular,Secular,Secular,Secular,Secular,secular
ممتع,enjoyable,Enjoyable,Enjoyable,Fun,Enjoyable,Fun,Enjoyable,Entertaining,Enjoyable,enjoyable,enjoyable
مؤقّت,provisional,Temporary,Temporary,Temporary,Temporary,Temporary,Temporary,Temporary,Temporary,temporary,temporary
مساهم,instrumental,Contributor,Contributory,Contributor,Contributory,Generous,Generous,Contributor,Generous,generous,helpful
أخير,terminal,Last,Late,Last,Late,Finally,Late,Stubborn,Late,brave,late
نهائي,terminal,Final,Final,Final,Final,Final,Final,Final,Final,final,final
عملي,handy,Practical,Practical,My work,Practical,My job,Practical,Hardworking,Practical,practical,practical
مكتّف,dense,Satisfied,Satisfied,Content,Satisfied,Satisfied,Satisfied,Content,Satisfied,Satisfied,satisfied
فوتوغرافي,photographic,Photographic,Photographic,Photographer,Photographic,Photographic,Photographic,Photogenic,Photographic,photographic,photogenic
متحمّس,passionate,Excited,Excited,Excited,Excited,Excited,Excited,Excited,Excited,excited,excited
محدود,restrictive,Limited,Limited,Limited,Limited,Limited,Limited,Limited,Limited,limited,limited
وحيد,lone,Lonely,Lonely,Alone,Lonely,Alone,Lonely,Solitary,Lonely,solitary,lonely
داخلي,indoor,Internal,Internal,Internal,Internal,Interior,Internal,Shy,Internal,introverted,introverted
متوتّر,tense,Stressed,Tense,Stressed,Tense,Tense,Tense,Stressed,Tense,Stressed,stressed
بلكونطرا,contractual,Balcony,Balcony-like,Balcony,Confident,Balcony,Balcony-style,Resourceful,Confident,Sneaky,stubborn
تعاقدي,contractual,Contractual,Contractual,Contractual,Contractual,Stubborn,Contractual,Stubborn,Contractual,stubborn,stubborn
فتراضي,virtual,Default,Virtual,Default,Default,Default,Satisfactory,Default,Generous,Generous,stubborn
خطير,grave,Dangerous,Dangerous,Dangerous,Dangerous,Dangerous,Dangerous,Dangerous,Dangerous,dangerous,dangerous
أتري,archaeological,Cool,Tall,Single,Bitter,Cool,Beautiful,Chill,Generous,Clever,beautiful
باين,trivial,Obvious,Visible,Obvious,Visible,Visible,Obvious,Visible,Obvious,obvious,obvious
كايهزّ,portable,Shy,Shaky,Shaky,Shaky,Shaky,Shaky,Shaky,Shaky,annoying,shaky
تفاعلي,interactive,Interactive,Interactive,Interactive,Interactive,Interactive,Interactive,Interactive,Interactive,interactive,interactive
وحشي,vicious,Savage,Savage,Savage,Savage,Savage,Savage,Savage,Wild,brutal,savage
شكلي,nominal,My appearance,My appearance,My appearance,My appearance,My appearance.,My appearance,Appearance,Attractive,handsome,handsome
ماكاتّنساش,memorable,Stubborn,Unimpressed,Stubborn,Unimpressed,Unbothered,Unimpressed,Unbothered,Unimpressed,stubborn,unforgettable
كائب,bleak,Stubborn,Angry,Stubborn,Tired,Stubborn,Tired,Stubborn,Happy,stubborn,stubborn
تحتاني,inferior,Shy,Lower,Underneath,Lower,Shy,Submissive,Shy,Submissive,stubborn,humble
تلمصارن,intestinal,Stubborn,Talented,Talmissarn,Stubborn,Stubborn,Stubborn,Resourceful,Stubborn,mischievous,stubborn
مكمّل,complementary,Complementary,Complete,Complementary,Completing,Complement,Complementary,Determined,Complementary,loyal,loyal
موهوب,talented,Talented,Talented,Talented,Talented,Talented,Talented,Talented,Talented,talented,talented
أبدي,eternal,Expressive,Eternal,Energetic,Eternal,Cool,Eternal,Cool,Eternal,eternal,eternal
جسدي,bodily,Physical,Physical,Physical,Physical,Physical,Physical,Physical,Physical,physical,physical
سحري,magical,Magical,Magical,Magical,Magical,Magical,Magical,Magical,Magical,magical,mysterious
مفهوم,understandable,Understood,Understood,Understood,Understood,Understood,Understood,Sharp,Understood,understanding,understandable
باين,noticeable,Obvious,Visible,Obvious,Visible,Visible,Obvious,Visible,Clear,obvious,obvious
ماواضحش,ambiguous,Unclear,Unclear,Not clear,Unclear,Unclear,Unclear,Unclear,Unclear,unclear,unclear
أصلي,authentic,Authentic,Original,Authentic,Authentic,Authentic,Authentic,Authentic,Authentic,honest,authentic
ممكنة,feasible,Possible,Possible,Possible,Possible,Possible,Possible,"""زوين""",Possible,possible,possible
ماڭادّش,incapable,Stubborn,Stingy,Stubborn,Stubborn,Stubborn,Stunning,Stubborn,Unforgettable,stubborn,stubborn
ماقادرش,incapable,Incapable,Unable,Incapable,Unable,Incapable,Unable,Incapable,Unable,helpless,unable
كوميك,comic,Funny,Comic,Comic,Comic,Funny,Funny,Hilarious,Funny,funny,funny
مضحك,comic,Funny,Funny,Funny,Funny,Funny,Funny,Funny,Funny,funny,funny
كوميدي,comic,Funny,Funny,Funny,Funny,Funny,Funny,Funny,Funny,funny,funny
ستعماري,colonial,Colonial,Colonial,Colonial,Colonial,Colonial,Colonial,Resourceful,Colonial,Generous,colonial
منعازل,solitary,Isolated,Isolated,Isolated,Isolated,Isolated,Isolated,Isolated,Isolated,isolated,isolated
عبتي,vain,Cute,Beautiful,Beautiful,Stubborn,Crazy,Beloved,Sassy,Beautiful,Clever,stubborn
مضرّ,harmful,Harmful,Harmful,Harmful,Harmful,Harmful,Harmful,Stubborn,Harmful,harmful,harmful
غامض,obscure,Mysterious,Mysterious,Mysterious,Mysterious,Mysterious,Mysterious,Mysterious,Mysterious,mysterious,mysterious
خاوي,vacant,Empty,Empty,Empty,Empty,Empty,Empty,Empty,Empty,empty,empty
شياطة,surplus,Naughty,Naughty,Devilish,Naughty,Naughty,Naughty,Crafty,Naughty,Mischievous,naughty
كايتلصّق,sticky,Sticky,Sticky,Sticky,Sticky,Sticky,Sticky,Sneaky,Sticky,clingy,clingy
خفيف,swift,Light,Light,Light,Light,Light,Light,Light,Light,Light,light
سريع,swift,Fast,Fast,Fast,Fast,Fast,Fast,Fast,Fast,fast,fast
مصغّرة,miniature,Tiny,Small,Miniature,Small,Tiny,Tiny,Tiny,Small,Tiny,small
بزّاف,ample,A lot,A lot,Many,Many,A lot,A lot,A lot,Many,a lot,a lot
طبيعي,normal,Normal,Natural,Normal,Natural,Natural,Natural,Natural,Natural,normal,natural
عرفي,customary,Cool,Knowledgeable,Single,Knowledgeable,Cool,Familiar,Sassy,Proud,smart,smart
كايضرّ,sore,Stubborn,Harmful,Stubborn,Harmful,Stubborn,Harmful,Stubborn,Harmful,annoying,harmful
مشعّ,radioactive,Radiant,Radiant,Radiant,Radiant,Radiant,Radiant,Radiant,Radiant,charming,charming
كايقتل,deadly,Killer,Killing,Killer,Killing,Killer,Killing,Savage,Stunning,annoying,hilarious
مقبول,plausible,Acceptable,Accepted,Acceptable,Accepted,Acceptable,Accepted,Accepted,Accepted,acceptable,acceptable
قابل,prone,Friendly,Capable,Single,Adaptable,Friendly,Adaptable,Chill,Capable,flexible,capable
جتماعي,sociological,Sociable,Social,Social,Social,Sociable,Social,Social,Social,sociable,sociable
ماڭادّش,helpless,Stubborn,Beautiful,Stubborn,Stunning,Stubborn,Stubborn,Stubborn,Stubborn,stubborn,confused
مامعروفش,unfamiliar,Unknown,Unknown,Unknown,Unknown,Unknown,Unknown,Unknown,Unknown,mysterious,unknown
جراحي,surgical,Surgical,Surgical,Surgical,Surgical,Surgical,Surgical,Skilled,Surgical,loyal,surgical
معاون,supportive,Helpful,Helpful,Helpful,Helpful,Helpful,Helpful,Helpful,Helpful,helpful,helpful
مؤنث,feminine,Feminine,Feminine,Feminine,Feminine,Feminine,Feminine,Feminine,Feminine,Feminine,feminine
كايفرشخ,destructive,Cool,Noisy,Stubborn,Noisy,Sneaky,Noisy,Sassy,Confident,nosy,annoying
كيوالو,petty,Cool,Cute,Cool,Crazy,Cool,Beautiful,Chatty,Beautiful,talkative,cute
تنائي,bilateral,Dual,Lonely,Dual,Lonely,Dual,Unique,Dynamic,Unique,unique,lonely
باغي,would-be,Wanting,Wanting,Wanting,Wanting,Wanted,Wanting,Wanted,Wanting,wanting,wanting
ناتج,consequent,Cool,Productive,Single,Resultant,Clever,Talented,Sharp,Clever,smart,clever
قوي,potent,Strong,Strong,Strong,Strong,Strong,Strong,Strong,Strong,strong,strong
واعر,potent,Charming,Conscious,Charming,Aware,Knowledgeable,Aware,Charming,Generous,brave,handsome
صحيح,potent,Correct,Correct,Correct,Correct,Correct,Correct,Authentic,Correct,correct,correct
فاسد,rotten,Corrupt,Rotten,Corrupt,Rotten,Corrupt,Rotten,Corrupt,Rotten,corrupt,corrupt
معفون,rotten,Forgiving,Infected,Immune,Infected,Immune,Contagious,Contagious,Infected,confused,infected
واقعي,factual,Realistic,Realistic,Realistic,Realistic,Realistic,Realistic,Realistic,Realistic,Realistic,realistic
عملي,pragmatic,Practical,Practical,My work,Practical,My job,Practical,Hardworking,Practical,practical,practical
پراڭماتي,pragmatic,Programmatic,Programmatic,Programmatic,Programmatic,Charismatic,Programmatic,Sassy,Pragmatic,charismatic,systematic
مرضي,satisfactory,Sick,Satisfactory,Sick,Satisfactory,Sick,Satisfactory,Sick,Satisfactory,satisfied,satisfied
مهني,occupational,Professional,Professional,Professional,Professional,Professional,Professional,Professional,Professional,professional,skilled
مرن,flexible,Flexible,Flexible,Flexible,Flexible,Flexible,Flexible,Flexible,Flexible,flexible,flexible
مشهور,prominent,Famous,Famous,Famous,Famous,Famous,Famous,Famous,Famous,famous,famous
معارض,reluctant,Opposing,Opposing,Opponent,Opposing,Opponent,Opposing,Rebellious,Opposing,defiant,oppositional
مجرّد,abstract,Just,Simple,Simple,Simple,Simple,Simple,Simple,Simple,simple,simple
لائق,decent,Appropriate,Suitable,Appropriate,Suitable,Decent,Suitable,Decent,Suitable,appropriate,appropriate
جاي,forthcoming,Cool,Coming,Coming,Coming,Coming,Coming,Cool,Coming,cool,cool
منحادر,steep,Unique,Steep,Unique,Steep,Unique,Steep,Resourceful,Steep,generous,brave
كايتطبّق,applicable,Applying,Applied,Applied,Applied,Applying,Applied,Resourceful,Applied,hardworking,stubborn
كسول,passive,Lazy,Lazy,Lazy,Lazy,Lazy,Lazy,Lazy,Lazy,lazy,lazy
قبيح,grim,Ugly,Ugly,Ugly,Ugly,Ugly,Ugly,Ugly,Ugly,ugly,ugly
شهب,blond,Stylish,Brave,Shahba,Stylish,Wild,Wild,Flashy,Brave,fiery,brave
دروكا,imminent,Cool,Strict,Cool,Strict,Crazy,Strict,Savage,Clever,Sneaky,crazy
ضعيف,vulnerable,Weak,Weak,Weak,Weak,Weak,Weak,Weak,Weak,weak,weak
موبرزيط,rowdy,Cool,Awesome,Unpopular,Awesome,Awesome,Awesome,Resourceful,Confident,awesome,awesome
فرّاع,talkative,Stubborn,Stubborn,Stubborn,Stubborn,Sneaky,Stubborn,Sneaky,Generous,Sneaky,generous
موهجّيج,rowdy,Shiny,Shiny,Bright,Shiny,Shiny,Shiny,Glowy,Shiny,excited,confused
موعنفيج,rowdy,Violent,Beautiful,Violent,Stunning,Stubborn,Stunning,Stubborn,Confused,charming,confused
مسبيطر,crazy,Dominant,Dominant,Dominant,Dominant,Dominant,Dominant,Dominant,Dominant,dominant,dominant
محشّش,drugged,Confused,Confused,High,High,Silly,Confused,Clueless,Confused,silly,confused
موخلويض,deceitful,Ungrateful,Stubborn,Stubborn,Ungrateful,Stubborn,Outstanding,Resourceful,Confused,confused,confused
حرايفي,skilled,Generous,My clothes are new.,Generous,Stubborn,My friend,My shoes,Resourceful,Generous,loyal,nosy
حرايفي,adroit,Generous,Generous,Generous,Stubborn,My friend,My clothes are colorful.,"My task is to translate the Moroccan Darija adjective ""حرايفي"" into a single English adjective.",Generous,loyal,nosy
ماواضحش,unclear,Unclear,Unclear,Not clear,Unclear,Unclear,Unclear,Obscure,Unclear,unclear,unclear
هامشي,peripheral,Marginal,Rural,Marginal,Marginal,Marginal,Marginal,Peripheral,Rural,Carefree,careless
متوقّع,predictable,Expected,Expected,Expected,Expected,Expected,Expected,Anticipated,Expected,predictable,expected
هجومي,offensive,My attacky,Aggressive,My attack,Aggressive,My attacky,Aggressive,Feisty,Aggressive,aggressive,aggressive
متناقض,absurd,Contradictory,Contradictory,Contradictory,Contradictory,Contradictory,Contradictory,Contradictory,Contradictory,contradictory,contradictory
موسمي,seasonal,Seasonal,Seasonal,Seasonal,Seasonal,Seasonal,Seasonal,Seasonal,Seasonal,seasonal,seasonal
جبّار,mighty,Stubborn,Arrogant,Proud,Arrogant,Brave,Arrogant,Stubborn,Proud,brave,brave
مروّن,uneasy,Flexible,Flexible,Flexible,Flexible,Flexible,Flexible,Flexible,Flexible,flexible,flexible
بصري,optical,Visual,Visual,Visual,Visual,Myopic,Visual,Sharp,Visual,Handsome,visual
لانهائي,infinite,Infinite,Infinite,Infinite,Infinite,Infinite,Infinite,Infinite,Infinite,infinite,infinite
مديكوري,decorative,Stylish,Decorated,Decorated,Decorative,Stylish,Mediocre,Stylish,Generous,Generous,decorative
كمّي,quantitative,Quantitative,Generous,Quantitative,How many,Generous,Generous,Generous,Generous,generous,generous
متناسب,proportional,Proportional,Proportional,Proportional,Proportional,Proportional,Proportional,Proportional,Proportional,proportional,proportional
بيروقراطي,bureaucratic,Bureaucratic,Bureaucratic,Bureaucratic,Bureaucratic,Bureaucratic,Bureaucratic,Bureaucratic,Bureaucratic,bureaucratic,bureaucratic
كايغير,jealous,Stubborn,Changing,Unique,Changing,Stubborn,Changing,Sassy,Changing,mysterious,changing
خيالي,fancy,Fantastic,Fantastic,Imaginary,Fantastic,Fantastic,Fantastic,Fantastic,Fantastic,fantastic,fantastic
مغيار,jealous,Rebellious,Adventurous,Rebellious,Adaptable,Rebellious,Adaptable,Resourceful,Adventurous,Sneaky,mysterious
لديد,delicious,I have a new one.,New,Single,New,Cheerful,New,Stubborn,Sharp,smart,brave
باين,obvious,Obvious,Visible,Visible,Visible,Visible,Obvious,Visible,Clear,obvious,obvious
مفتوح,open,Open,Open,Open,Open,Open,Open,Open,Open,open,open
ساد,closed,Serious,Simple,Serious,Simple,Tough,Simple,Tough,Simple,serious,simple
مسدود,closed,Blocked,Blocked,Blocked,Blocked,Blocked,Blocked,Blocked,Blocked,blocked,blocked
محلول,open,Solved,Dissolved,Solved,Dissolved,Solved,Solved,Slick,Solved,Solved,solved
غالط,wrong,Wrong,Wrong,Wrong,Wrong,Wrong,Wrong,Mischievous,Wrong,mischievous,mistaken
مبدّل,different,Switcher,Transformer,Transformer,Transformer,Transformer,Transformer,Resourceful,Transformer,Clever,versatile
صحيح,strong,Correct,True,Correct,Correct,Correct,Correct,Authentic,Correct,Correct,correct
مريڭل,cunning,Cool,Beautiful,Energetic,Beautiful,Cool,Elegant,Sassy,Beautiful,Charming,crazy
دايخ,dizzy,Drunk,Drunk,Drunk,Dizzy,Tipsy,Tipsy,Tipsy,Tipsy,confused,dizzy
مدوّخ,dizzy,Dizzy,Dizzy,Dizzy,Dizzy,Confused,Dizzy,Dizzy,Confused,confused,confused
مبرّر,justified,Justified,Justified,Justified,Justified,Justified,Justified,Justify,Justified,justified,justified
مرتابط,engaged,Interconnected,Connected,Interconnected,Connected,Interconnected,Interconnected,Interconnected,Connected,connected,connected
ملهم,inspiring,Inspiring,Inspiring,Inspiring,Inspiring,Inspiring,Inspirational,Inspirational,Inspiring,inspiring,inspiring
مشتّت,sparse,Distracted,Distracted,Distracted,Distracted,Distracted,Distracted,Distracted,Distracted,distracted,distracted
عضيم,mighty,Great,Great,Great,Huge,Great,Huge,Awesome,Great,awesome,huge
زايد,extra,Excessive,Excessive,Excessive,Excessive,Excessive,Excessive,Extra,Excessive,extra,excessive
خارق,miraculous,Incredible,Extraordinary,Supernatural,Extraordinary,Extraordinary,Extraordinary,Outstanding,Outstanding,extraordinary,amazing
استثنائي,exceptional,Exceptional,Exceptional,Exceptional,Exceptional,Exceptional,Exceptional,Exceptional,Exceptional,exceptional,exceptional
فرانساوي,french,French,French,French,French,French,French,French,French,French,French
سبليوني,spanish,Stubborn,Sly,Stubborn,Sly,Stubborn,Stubborn,Silly,Stubborn,stubborn,stubborn
ميريكاني,american,American,American,American,American,American,American,American,American,American,American
شينوي,chinese,Shiny,Beautiful,Ugly,Beautiful,Sneaky,Beautiful,Crafty,Beautiful,Sneaky,beautiful
مخبّي,hidden,Sneaky,Hidden,Hidden,Hidden,Sneaky,Hidden,Sneaky,Hidden,sneaky,hidden
متيقّن,sure,Confident,Certain,Confident,Certain,Confident,Confident,Confident,Confident,confident,confident