darija_ar,eng,p1_transl,eng_p1_transl,p2_transl,eng_p2_transl,p3_transl,eng_p3_transl,p4_transl,eng_p4_transl
كلا,eat,No,Eat,No,Eat,No.,eat,Refuse,eat
شرب,drink,Drink,To drink,Drink,to drink,Drink,drink,Drink,drink
دخل,enter,Enter,enter,Enter,enter,enter,enter,Enter,enter
خرج,go out,"""Kharj"" translates to ""went out"" in English.",To go out,Go,to go out,Go,exit,Go,go
فهم,understand,Understand,Understand,Understand,understand,Understand,understand,Understand,understand
شرح,explain,"""شرح"" بالدارجة المغربية تُترجم إلى ""explain"" في الإنجليزية.",Explain,Explain,Explain,شرح = explain,explain,كنتقل,explain
قرا,learn,Read,Read,Read,Read,read,read,Read,read
قرّا,teach,Read,Read,Read,Read,Read,read,Read,read
سمع,hear,Listen,hear,Listen,hear,to hear,hear,Listen,hear
شاف,see,See,See,See,see,See,see,See,see
شم,smell,"""Smell""",Smell,Smell,smell,Smell,smell,Smell,smell
داق,taste,Taste,Taste,Taste,taste,Taste,taste,Taste,taste
قاس,touch,Measure,Measure,Measure,Measure,Measure,measure,قياس,measure
مشا,go,Go,Go,Go,to go,Go,go,Go,go
جا,come,Come,come,Come,come,come,come,Come,come
طلع,ascend,Go out,Go out,Go out,Go out,Go,go out,Go,go out
نزل,go down,Go down.,To go down/ to get off/ to descend,Go down,to go down,Go down,descend,Go down,go down
عام,swim,Year,Year,To live,to live,to do,to live,Live,to live
غرق,drown,Drown,drown,Drown,drown,Drown,drown,Drown,drown
لبس,wear,Wear,wear,Wear,to wear,wear,wear,wear,wear
سلت,take off,I asked,I asked,To ask,Ask,Buy,ask,Buy,ask
شرا,buy,Buy,Buy,Buy,Buy,Buy,buy,Buy,buy
باع,sell,Sold,He sold,Sell,sell,sell,sell,sell,sell
تاوا,bargain,"""Tawa"" in Moroccan Arabic translates to ""come"" in English.",To fly,To come,to respond,Go,to fly,Go,wait
كتب,write,Wrote,write,Write,write,write,write,write,write
مسح,clean,Wipe,wipe,Wipe,wipe,Wipe,wipe,Delete,wipe
ضرب,hit,Hit,hit,Hit,hit,Hit,hit,Hit,hit
تسالم,greet,Hello,You are peaceful.,To greet,To surrender,To thank,to greet,Greet,to greet
عيا,fatigue,Tired,Tired,Tired,to tire,Tired,tire,Give up,tire
تسخسخ,exhaust,"""Tsakhsakh"" doesn't have a direct translation in English, but it can be roughly translated as ""to goof off"" or ""to mess around.""",To sway,To play around,Whisper,Dance,whisper,Dance,Whisper
ضحك,laugh,Laugh,Laugh,Laugh,laugh,Laugh,laugh,Laugh,laugh
جاب,bring,Bring,bring,Bring,bring,bring,bring,Bring,bring
دار,do,House,To do/To make,To live,to do,Do,do,Go,to live
ڭال,say,Gaal,Go,Say,Say,Say,go,Say,go
قال,say,Said,Said,He said.,say,دير,say,كيفشي,say
عندو,have,He has.,He has.,He has.,have,Have,have,Has,have
شدّ,get,Pull,Pull,Pull,pull,Pull,tighten,Pull,pull
فكّر,think,Think,Think,Think,Think,Think,think,Think,think
با,want,"""bza""",With,Go,Come,Go,come,Go,come
لقا,find,Find,Find,Find,find,Find,find,Find,find
عطا,give,Give,Give,Give,give,Give,give,Give,give
خدم,work,Work,work,Work,work,Work,work,Work,work
عيط,call,Shout,Shout,Shout,Call,Shout,shout,Yell,shout
خاسّ,need,Lose,lose,Lose,Lose,Lose,lose,lose,lose
حسّ,feel,Feel,Feel,Feel,Feel,Feel,feel,Feel,feel
ولّا,become,To go,To be or not to be,To go,To leave,Go,leave,To go,leave
حطّ,put,Put,Put,Put,Put,Put,put,Put,put
عنا,mean,About us,Have,Have,Have,Have,have,Have,have
بدا,begin,Start,start/begin,Start,start,start,start,Start,start
خسّ,need,Lose,Lose,Lose,Lose,Lose,lose,Lose,lose
عجب,like,Like,like,Like,like,Like,like,Like,like
عاون,help,Help,Help,Help,Help,Help,help,Help,help
عتق,help,To free,Free / Liberate,Free,Free,Free,free,Freeing,free
وجّد,prepare,Find,Find,Find,Find,Find,find,Find,find
أمن,believe,Security,Security,To secure,Believe,Security,believe,Secure,believe
حاول,try,Try,Try,Try,Try,Try,try,Try,try
جرّب,try,Try,Try,Try,Try,Try,try,Try,try
سوّل,ask,To persuade,To suggest/advise.,To facilitate,To advise,Encourage,convince,suggest,advise
تفكّر,remember,Think,Think,Think,to think,Think,think,Think,think
مشا,leave,Go,Go,Go,to go,Go,go,Go,go
بيّن,show,Show,Explain,Show,Show,Show,show,Show,show
لعب,play,Play,play,Play,to play,Play,play,Play,play
جرا,run,Run,Run,Run,Run,Run,run,Run,run
جرّا,run,Run,to drag,Run,run,Run,run,Run,run
قرا,read,Read,Read,Read,Read,Read,read,Read,read
بدا,start,Start,start/begin,Start,start,Start,start,start,begin
سالا,finish,"""سالا"" بالدارجة المغربية تُترجم إلى ""he/she asked"" في الإنجليزية.",To ask,To ask,ask,Ask,ask,Ask,ask
قطّع,cut,Cut,cut,Cut,Cut,Cut,cut,Cut,cut
هضر,talk,Speak,Speak,Speak,speak,Speak,speak,Speak,speak
شكر,thank,Thank you,Thank,Thank,To thank,Thank.,thank,Thank,thank
بدّل,change,Change,Change,Change,change,Change,change,Change,change
كمّل,continue,Finish,Complete,Finish,Complete,Finish,complete,Finish,complete
فتارض,suppose,To accept,To accept,To accept,agree,Refuse,agree,Refuse,agree
تمنّا,wish,Wish,Wished,Wish,wish,wish,wish,wish,wish
تبع,follow,Follow,Follow,Follow,Follow,Follow,follow,Follow,follow
قبل,accept,Before,kiss,Before,Accept,"""before""",accept,"""before""",accept
رفض,reject,Refuse,Refuse,Refuse,refuse,Refuse,refuse,Refuse,refuse
وقع,happen,Fall,fall,Fall,fall,Fall,fall,Fall,fall
ڭلس,sit down,Ghless,To smile,To say goodbye,Swim,Hello,swim,Eat,swim
ربح,win,Win,win,Win,win,Win,win,Win,win
زاد,add,To increase,increase,Increase,increase,Increase,increase,Increase,increase
تعلّم,learn,Learn,Learn,Learn,learn,Learn,learn,Learn,learn
تسنّا,wait,Wait,We waited.,Wait,To wait,Wait,wait,Wait,wait
سيفط,send,Safta,He will open.,To fall,To open,To eat,to open,To fall,fall
حلّ,open,Solve,Solve/Resolve.,Solve,Solve,Solve,solve,Solve,solve
بنا,build,Build,Build,Build,build,Build,build,Build,build
ختار,choose,Choose,Choose,Choose,Choose,Choose,choose,Choose,choose
وصل,reach,Arrived,Arrive / Reach,Arrive,arrive,Arrive,arrive,Arrive,arrive
قرّر,decide,decided,decide,Decide,decide,Decide,decide,Decide,decide
نشط,enjoy,Active,Activate,Activate,Activate,Activate,activate,Active,activate
تفرّج,watch,Watch,Watch,Watch,Watch,Watch,watch,Watch,watch
خسر,lose,Lost,lose,Lose,lose,Lose,lose,Lose,lose
تمشّا,walk,Walk,Walk,Walk,walk,Walk,walk,Walk,walk
كبّر,raise,To exaggerate,Grow up,Grow,Grow,Grow,to grow up,Grow,grow
تخيّل,imagine,Imagine,Imagine,Imagine,Imagine,Imagine,imagine,Imagine,imagine
سبّب,cause,Cause,To cause,Cause,to cause,Cause,cause,Cause,cause
هرّس,break,Grind,To grind or to mince,Mash,Grind,Mash,plow,Grind,grind
سمع,listen,Listen,Listen,Listen,hear,to hear,hear,Listen,hear
كبر,grow,Grow,Grow,Grow,grow,Grow,grow,Grow,grow
مات,die,Die,die,Die,die,Die,die,Die,die
توفّا,die,Passed away,He died,Die,to die,Die,die,Die,die
زار,visit,Visited,Visited,Visit,to visit,visit,visit,visit,visit
شجّع,encourage,Cheer,Encourage,Encourage,Encourage,Support,encourage,Support,encourage
حاما,protect,Protect,Protect,Protect,Protect,Protect,protect,Protect,protect
نشر,spread,Publish,To publish,Publish,publish,Post,publish,Post,publish
قتل,kill,Kill,kill,Kill,to kill,Kill,kill,Kill,kill
صاڭ,drive,"""Saqq""",To swim,To go,Wake up,Go,swim,Listen,swim
كدب,lie,Lie,lie,Lie,lie,Lie,lie,lie,lie
تقاجح,argue,Argue,argue,Argue,Argue,Argue,argue,Argue,argue
حيّد,remove,Avoid,To remove or to get rid of,Avoid,To guide,Avoid,evacuate,Remove,remove
دابز,fight,Dabz,To jump,To dance,To push,Dance,to push,Dance,Jump
عمّر,fill,Live,To build/construct.,Live,To build,Live,build,Build,build
سافر,travel,Travel,Travel,Travel,to travel,Travel,travel,Travel,travel
حضر,attend,Attend,attend,Attend,Attend,Attend,attend,Attend,attend
قسّح,hurt,"""Qsehseh"" doesn't have a direct translation in English, as it is a colloquial Moroccan Arabic term. It can be roughly translated to ""to clean up"" or ""to tidy up.""",To cut into pieces.,To sweep,Cut,Sweep,to cut,Sleep,to divide
عانا,suffer,Suffer,suffer,Suffer,suffer,Suffer,suffer,Suffer,suffer
زڭل,miss,To annoy,To annoy,To mock,To annoy,Dance,play,Dance,to annoy
عبّر,express,Express,Express,Express,Express,Express,express,Express,express
ركّز,concentrate,Concentrate,Focus,Focus,Focus,Focus,focus,Focus,focus
لاح,throw,To see,See,To arrive,See,See,see,Watch,see
صاوب,prepare,Fix,To work,Work,To work,Work,work,Work,work
قرا,study,Read,Read,Read,Read,Read,read,Read,read
دفع,push,Pay,pay,Push,to pay,pay,pay,Pay,pay
ورّك,press,"""Warrek"" translates to ""leave"" in English.",To twist,Sit.,Show,Work,teach,Sit,Wake
وصل,arrive,Arrived,Arrive / Reach,Arrive,arrive,Arrive,arrive,Arrive,arrive
صونا,ring,"""Swona""",Our sleep,Listen,Protect,Protect,protect,Listen,protect
جمع,collect,Collect,Collect,Gather,to collect,Collect,to collect,Collect,to collect
هرب,escape,Escape,escape,Escape,to escape,Escape,escape,Escape,escape
رحّب,welcome,Welcome,Welcome,Welcome,Welcome,Welcome,welcome,Welcome,welcome
عوّل,rely,Trust,Trust,Trust,Trust,Trust,trust,Trust,trust
تاق,trust,Tag,To miss,Tag,to cook,Tag,miss,Tagging,fall
عاود,repeat,Repeat,Repeat,Repeat,Repeat,Repeat,repeat,Repeat,repeat
خطّط,plan,Plan,Plan,Plan,Plan,Plan,plan,Plan,plan
فرش,reveal,Sweep,Spread/lay (as in spreading or laying a carpet or blanket),Sweep,spread,Sweep,spread,to sweep,spread
أكّد,confirm,Confirm,Confirm,Confirm,confirm,Confirm,confirm,Confirm,confirm
كره,hate,Hate,hate,Hate,hate,Hate,hate,Hate,hate
تجوج,marry,"""tajwuj""",To marry,Get married,To marry,Getting married,marry,Getting married,marry
قسم,split,Divide,divide,Divide,divide,divide,divide,divide,divide
تبنّا,adopt,Adopted,To adopt,Adopting,Adopt,Adopt,adopt,Adopt,adopt
تجاهل,ignore,Ignore,Ignore,Ignore,Ignore,Ignore,ignore,Ignore,ignore
عرّف,define,Define,Define,Define,To define,Define,define,Define,define
قدّم,introduce,Present,Present,Present,present,give,present,apply,present
ترينا,exercise,Show us,Show us.,Show us,Show,Show us,show,Show us,show
برهن,demonstrate,Show,prove,To prove,prove,Show,prove,Show,prove
قنع,persuade,Convince,Convince,convince,convince,convince,convince,convince,convince
قلّع,guess,To uproot,To uproot,To uproot,Pull out,Remove,uproot,Remove,Pull
صوّت,vote,Vote,Vote,Vote,Vote,Vote,vote,Vote,vote
نكر,deny,Ignore,Deny,Sleep,Deny,Sleep,deny,Sleep,deny
خبّا,hide,Hide,Hide,Hide,Hide,Hide,hide,Hide,hide
نجح,succeed,Succeeded,succeed,Succeed,succeed,Succeed,succeed,Succeed,succeed
طلب,demand,Ask,asked,Ask,ask,ask,ask,Ask,ask
عتارف,recognize,Confess,To confess,Confess,Recognize,Confess,recognize,Confess,confess
حسب,count,According to,Calculate,According to,Calculate,Based,consider,Based on,calculate
نتاما,belong,You are.,You are sleeping.,To sleep,to sleep,Sleep,sleep,To eat,sleep
شكّ,doubt,"""Shukk"" translates to ""doubt"" in English.",To doubt,Doubt,Thank,Thank.,doubt,Doubt,doubt
غنّا,sing,Sing,We sang,Sing,to sing,Sing,sing,Sing,sing
نوا,intent,Sleep,sleep,Sleep,Sleep,Sleep,sleep,Sleep,sleep
برّر,justify,Justify,Justify,Justify,Justify,Justify,justify,Justify,justify
دافع,defend,Pay,To defend,Defend,defend,Defend,defend,Pay,defend
زعم,dare,Claim,Claim,Claim,Claim,Claim,claim,Claim,claim
تساراح,rest,"""Tsaragh"" in Moroccan Arabic translates to ""to walk"" in English.",To walk,To leave,To leave,Walk,to travel,Leave,to travel
حكم,judge,Rule,rule,Judge,judge,Judge,rule,Judge,rule
شارك,participate,Participate,Participate,Participate,Participate,Participate,participate,Participate,participate
غسل,wash,Wash,wash,Wash,wash,wash,wash,wash,wash
لاحض,observe,Notice,Notice/observe.,Notice,Notice,Notice,notice,Notice,notice
خدّم,employ,Work,Work,Work,work,Work,work,work,work
جمع,combine,Collect,Collect,Gather,to collect,Collect,to collect,Collect,gather
لحّ,insist,To rub,To knead,To rub,Rub,Rubbing,boil,Rub,Rub.
تلاح,jump,To watch,To search,Watch,To search,Read,to reveal,Watch,fight
طيّب,cook,Okay,To make something good or to be good.,To agree,To make something good,Okay,to make something good,Okay,To make
بكا,cry,Cried,Cry,Cry,cry,Cry,cry,Cry,cry
نعس,sleep,We are sleepy.,sleepy,We are sleepy.,to sleep,Sleep,sleep,Sleep,sleep
فاق,wake up,To surpass,To wake up,Wake up,wake up,Wake up,surpass,Wake,wake
جمع,gather,Collect,Collect/ gather.,Gather,to collect,Collect,gather,Collect,collect
نساحب,withdraw,"The verb ""nṣaḥb"" in Moroccan Arabic can be translated to English as ""to withdraw"" or ""to retreat.""",We withdraw.,To withdraw,to drag,Withdraw,drag,Withdraw,pull
حلّ,resolve,Solve,Solve/Resolve.,Solve,Solve,Solve,solve,Solve,solve
خبر,inform,Tell,news,Know,Tell,Know,to inform,Tell,inform
ستلزم,imply,It will be necessary.,It will require.,Require,require,Need,require,require,require
تسلّف,borrow,Borrow,To borrow,Borrow,borrow,Borrow,borrow,Borrow,borrow
خاطر,risk,Want,To dare,Want,Want,Want,want,Want,want
سمح,permit,Allow,Forgive,Allow,Allow,Allow,allow,Allow,allow
سامح,forgive,Forgive,Forgive,Forgive,forgive,Forgive,forgive,Forgive,forgive
قتارح,propose,Propose,I am going.,Suggest,to decide,Propose,decide,suggest,to decide
حتافل,celebrate,Celebrate,To celebrate,Celebrate,To travel,Celebrate,travel,Celebrate,travel
ضيّع,waste,To lose,To lose,To waste,To waste,Lose,lose,Lose,lose
غبر,disappear,To cross,To bury,Pass.,Dig,Leave,bury,Leave,Cover
توقّع,predict,Expect,To expect/anticipate/predict.,Expect,to expect,Expect,expect,Expect,expect
نڭر,complain,"""Ngar"" translates to ""to bite"" in English.",Look,To eat,Look,Watch,see,Watch,look
قبط,catch,To grab,To convert,Steal,To convert,Buy,steal,Buy,steal
ڭبض,catch,Grab,To grab/take.,Grab,Grab,Grab,grab,Grab,grab
ناض,get up,Get up,Sleep,Stand,stand,Stand,stand,Stand,stand
داز,pass,"""Daaz"" in Moroccan Arabic translates to ""to pass"" in English.",To pass,Pass,pass,Pass,pass,Pass,pass
حبس,stop,Imprison,imprison,Imprison,Imprison,Lock up,imprison,imprison,imprison
قيّد,note,Register,restrict,Restrict,to restrict,Restrict,restrict,Restrict,restrict
ولّف,habituate,To compose/To write,To wrap,To compose,Wrap,Write,wrap,Write,Wrap
خلّط,mix,Mix,Mix,Mix,mix,Mix,mix,Mix,mix
ڭيّد,mislead,To tie,Record,Record,Record,Restrict,tie,Limit,tie
حرڭ,burn,"""Harreg"" doesn't have a direct translation in English, but it can be roughly translated as ""to argue"" or ""to quarrel"" depending on the context.",To burn,Argue,Argue,Travel,argue,Travel,argue
حرق,burn,Burn,burn,Burn,burn,Burn,burn,Burn,burn
ستاغل,exploit,"""Stagel""",To work,To work,To work,Work,work,Work,work
كما,smoke,As,As,As,Assemble,"""like""",like,Like,eat
حدّر,warn,To drag,To push or shove,To warn,Prepare,Travel,to drag,Predict,warn
باس,kiss,"""bass""",Pass,To pass,to pass,Go,to pass,Pass,to pass
علن,announce,Announce,announce,Announce,Declare,Declare,announce,announce,announce
ختابر,evaluate,Chat with,To communicate,To try,To test,Study,to communicate,Study,to communicate
تنفّس,breathe,Breathe,Breathe,Breathe,breathe,Breathe,breathe,Breathe,breathe
فات,exceed,Missed,Missed,Missed,miss,Missed,miss,Missed,miss
صادق,approve,Honest,sincere,To be honest.,to be honest,Believe,be truthful,Tell the truth.,agree
حتلّ,occupy,To occupy,To clean,Occupy,Occupy,Occupy,to conquer,Occupy,occupy
حرّر,free,Edit,To free/To liberate,Free,Free,Edit,free,Edit,free
بتاسم,smile,To name,You are smiling.,To smile,To smile,Smile,smile,Smile,smile
حفر,dig,Dig,to dig,Dig,to dig,Dig,dig,Dig,dig
حتارم,respect,I respect,Respect,Respect,Respect,Respect,to swim,Respect,respect
هدّد,threaten,Threaten,Threaten,Threaten,Threaten,Threaten,threaten,Threaten,threaten
لغا,cancel,To leave,To swim,To go,Swim,Study,swim,To go,swim
خزن,store,Store,store,Store,store,Store,store,Store,store
نضّم,organize,Organize,Organize,Organize,Organize,organize,organize,organize,organize
نوّر,shine,"""Nwarr"" translates to ""to illuminate"" in English.",Illuminate/Enlighten,Illuminate,Illuminate,Illuminate,enlighten,Illuminate,light
حلف,swear,Swear,Swear,Swear,Swear,Swear,swear,Swear,swear
حلم,dream,Dream,Dream,Dream,Dream,Dream,dream,Dream,dream
صرط,absorb,"""Serṭ"" in Moroccan Arabic translates to ""walk"" in English.",To walk,To walk,walk,Drive,walk,Drive,walk
بلوكا,block,Block,Block,Block,Block,Block,block,Block,block
ستابق,anticipate,Run.,To compete,Run,To compete,Run,race,Run,compete
اتهم,accuse,Accuse,Accuse,Accuse,Accuse,Blame,accuse,Blame,accuse
غوّت,shout,"""ghott"" means ""to pour"" in Moroccan Arabic.",To dive,To swim,To swim,Go,to swim,Sing,to scream
أتّر,affect,Sit down,To delay,To come.,Wait,Watch,wait,Wait,wait
رتّب,arrange,Arrange,Arrange,Arrange,Organize,Arrange,arrange,Arrange,arrange
عتاقل,arrest,"""3taqel"" translates to ""to relax"" in English.",To delay,To release,To delay,Relax,delay,Cooking,Delay
نبح,bark,Bark,bark,Bark,bark,Bark,bark,bark,bark
خان,betray,Betray,He slept,Bet,to betray,to betray,to betray,cheat,to stay
تحاطّ,bet,Surround.,Surround,Surround,Surround,Surround,surround,Put,surround
ختالف,differ,Argue,disagree,Disagree,to argue,Argue,differ,Argue,disagree
حتافض,keep,I will sit down.,You will convince.,To sit down,convince,To clean,convince,To clean,convince
طار,fly,Fly,fly,Fly,fly,Fly,fly,Fly,fly
بان,appear,"""Ban""",appear,To appear,See,See,see,see,see
جرّ,pull,Walk,Pull,Run,drag,Travel,drag,Run,drag
هزّ,lift,Shake,shake,Shake,shake,Shake,shake,shake,shake
رجع,return,Come back,Return,Come back,return,Come back,return,Come,return
طاح,fall,Fall,fall,Fall,Fall,Fall,fall,Fall,fall
عرف,know,Know,know,Know,know,know,know,Know,know
نسا,forget,Forget,Forget,Forget,Forget,Forget,forget,Forget,forget
وصف,describe,Describe,Describe,Describe,Describe,Describe,describe,Describe,describe
ترجم,translate,I translate,Translate,Translate,Translate,نقل,translate,داير,translate
وعد,promise,Promise,Promise,Promise,Promise,Promise,promise,Promise,promise
قلّب,search,"""Turn over""",Turn,Turn,to flip,Flip,turn,Flip,turn
حبّ,love,Love,Love,Love,To love,Love,love,Love,love
عاش,live,"""عاش"" تُترجم إلى ""long live"" في الإنجليزية.",He lived.,Live,live,Live,live,Live,live
سكن,live,Live,To live/To reside,Live,to live,live,live,live,live
خلّص,pay,Finish,Finish/Complete,Finish,Finish,Finish,finish,Finish,finish
سدّ,close,Block,block/obstruct,Block,block,Block,block,Block,block
وقف,stand up,Stop,stop,Stop,to stop,Stop,stop,Stop,stop
ستخدم,use,You will use,You will use.,Use,use,Use,use,Use,use
ستالم,receive,You will receive.,You will receive.,Receive,To tolerate,Receive,to hurt,To suffer,receive
فشل,fail,Fail,fail,Fail,Fail,Fail,fail,Fail,fail
سبّ,insult,Insult,Curse,Insult,Curse,Insult,curse,Insult,curse
شكا,complain,"""Shka"" translates to ""complain"" in English.",complain,Complain,complain,Complain,complain,Complain,complain
فضح,expose,Expose,Expose,Expose,Expose,Expose,expose,Expose,expose
عتادر,apologize,"I'm sorry, but I'm not familiar with the word ""عتادر"" in Moroccan Arabic. Can you please provide more context or clarify the meaning so I can help you translate it into English?",To apologize,To apologize,To apologize,Travel,apologize,Apologize,apologize
عنّڭ,hug,I'm going,We are.,To pretend,To teach,Listen,deny,Write,deny
ندم,regret,Regret,regret,Regret,Regret,Regret,regret,Regret,regret
عطس,sneeze,Sneeze,Sneeze,Sneezing,sneeze,Sneeze,sneeze,Sneeze,sneeze
كحب,cough,"""Kheb"" translates to ""to eat"" in English.",To vomit,To love,To love,To love,to love,To love,vomit
أجّل,postpone,Postpone,Postpone,Postpone,Delay,Delay,delay,Delay,delay
تعاون,cooperate,Cooperate,Cooperate,Cooperate,cooperate,Cooperate,cooperate,Help,cooperate
تبادل,exchange,Exchange,exchange,Exchange,exchange,Exchange,exchange,Exchange,exchange
قاطع,boycott,Interrupt,interrupt,Interrupt,Interrupt,Interrupt,interrupt,boycott,interrupt
تطوّع,volunteer,Volunteer,volunteer,Volunteer,volunteer,Volunteer,volunteer,Volunteer,volunteer
تجنّب,avoid,Avoid,Avoid,Avoid,Avoid,Avoid,avoid,Avoid,avoid
همل,neglect,To hesitate,To hesitate,To hesitate,To hesitate,Forget,to whisper,Neglect,whisper
تلاقا,meet,Meet,Meet,Meet,meet,Meet,meet,Meet,meet
تجسّس,spy,Spy,Spy,Spy,to spy,Spy,spy,Spy,spy
نتاقم,revenge,Revenge,Revenge,Revenge,revenge,Revenge,avenge,Revenge,avenge
دفن,bury,Bury,bury,Bury,bury,bury,bury,Bury,bury
غلب,defeat,To defeat/overcome,To defeat/overcome.,To win,To defeat,Win,overcome,Overcome,defeat
كان,be,was,was,To be,to be,كاين,be,be,be
بغا,want,Wants,Want,Want,want,Want,want,want,want
قدر,can,"""قدر"" بالدارجة المغربية تُترجم إلى ""to estimate"" في الإنجليزية.","to be able, to can",To estimate,to be able,can,can,be able,be able
ڭدّ,can,Gdd (to go),To cut,Sit.,Cut,Go,sit,Sit,bite
دار,make,House,To do/To make,To live,to do,live,do,Go,do
خدا,take,Take,Take,Take,Take,Take,take,Take,take
شاف,look,See,See/Watch,See,see,See,see,See,see
خلّا,let,Leave,Leave,Let him go.,Leave,Let go,let,Let go,let
بان,seem,"""Ban""",Appear,To appear,See,see,see,see,see
تضمّن,include,Include,Include,Include,Include,Include,include,include,include
تحرّك,move,Move,Move,Move,move,Move,move,Move,move
ضار,turn,Harm,harm,Harm,Harm,Harm,harm,Harm,harm
عتابر,consider,I consider,To consider,Consider,To consider,Consider,consider,consider,consider
خلّا,allow,Leave,Leave,Let him go.,Leave,Let,let,Let go,let
تمنّا,hope,Wish,Wish,Wish,wish,wish,wish,wish,wish
نتج,produce,Produce,produce,Produce,produce,Produce,produce,Produce,produce
بقا,stay,Stay,Stay,Stay,stay,Stay,stay,Stay,stay
شدّ,hold,Pull,To tighten or to pull.,Pull,pull,Pull,pull,Pull,pull
توقّع,expect,Expect,To expect/anticipate/predict.,Expect,to expect,Expect,expect,Expect,expect
ضمن,ensure,Within,guarantee,Within,Ensure,Within,guarantee,Within,guarantee
هزّ,carry,Shake,shake,Shake,shake,Shake,shake,shake,shake
عرض,offer,"""عرض"" بالدارجة المغربية تُترجم إلى ""show"" في الإنجليزية.",Present,Present,Present,Show,present,Show,present
دعم,support,Support,Support,Support,Support,Support,support,Support,support
هضر,speak,Speak,Speak,Speak,speak,Speak,speak,Speak,speak
دوا,speak,Take,Push,Go,Cure,Go,cure,Treat,cure
قاد,lead,Drive,drive,Drive,drive,Drive,drive,Drive,drive
بقا,remain,Stay,Stay,Stay,stay,Stay,stay,Stay,stay
وقف,stand,Stop,stop,Stop,to stop,Stop,stop,Stop,stop
وڭف,stand,"""وڭف"" يترجم إلى ""to stand"" في الإنجليزية.",To stop,To stand,Stand,Watch,stop,Understand,stop
قتارح,suggest,Propose,"I am sorry, but ""قتارح"" is not a valid verb in Moroccan Darija. It seems like a misspelling or a typo. If you provide more context or details, I may be able to help you further.",Suggest,to decide,Propose,decide,suggest,decide
طوّر,develop,Develop,Develop,Develop,Develop,Develop,develop,Develop,develop
ڭلس,sit,Ghless,To smile,To say goodbye,Swim,Eat,swim,Eat,swim
ڭادّ,create,Gadd,To call,To call,Call,Go,call,Sleep,return
صاوب,create,Fix,To work,Work,To work,Work,fix,Study,work
اتفق,agree,Agreed.,agree,Agree,agree,Agree,agree,agree,agree
طبّق,apply,Cook,Apply,Apply,Apply,Apply,apply,Apply,apply
كوّن,form,Create,To form/construct/shape.,Form,to form,Form,form,Form,form
زاد,increase,To increase,increase,Increase,increase,Increase,increase,Increase,increase
لتاحق,join,To search,To search,To search,To achieve,To search,to search,To search,to search
نقّص,reduce,To lack,To decrease,Lack,to decrease,Lack,decrease,Lack,lack
نقد,save,Critique,criticize,Critique,criticize,Critique,criticize,Critique,criticize
تطلّب,require,Ask,To demand/ask for.,To demand,to demand,Ask,request,ask,request
حقق,achieve,Achieve,Achieve,Achieve,Achieve,Achieve,achieve,Achieve,achieve
حبس,prevent,Imprison,To imprison,Imprison,Imprison,Detain,imprison,imprison,imprison
تعامل,deal,Deal,deal,Deal,deal,Deal,deal,Deal,deal
تواجه,face,Face,Face,Face,face,Face,face,face,face
غطّا,cover,To cover,Covered,Cover,Cover,Cover,cover,Cover,cover
طوّر,improve,Develop,Develop,Develop,Develop,Develop,develop,Develop,develop
مال,tend,What is wrong?,Money,To ask,To go,Spend,go,Go,go
رسم,draw,Draw,To draw,Draw,to draw,Draw,draw,Draw,draw
تحرّك,act,Move,Move,Move,move,Move,move,Move,move
عزل,pick,Isolate,To isolate,Isolate,Isolate,Isolate,isolate,Isolate,isolate
ختار,pick,Choose,Choose,Choose,Choose,Choose,choose,Choose,choose
كلّف,cost,To assign/charge.,Assign,To assign,to assign,Assign,assign,Assign,assign
سوا,cost,Do.,He did/ made/ performed,Do,Do,Do,do,Do,do
برهن,prove,Show,prove,To prove,prove,prove,prove,Show,prove
وقع,occur,Fall,fall,Fall,fall,Fall,fall,Fall,fall
تناقش,discuss,Discuss,discuss,Discuss,discuss,Discuss,discuss,Discuss,discuss
ڭابل,maintain,Accept,Accept,Accept,Accept,Accept,accept,Accept,accept
سالا,end,Ask,To ask,To ask,ask,Ask,ask,Ask,ask
كمّل,end,Please provide the verb in Darija so I can translate it into English.,Complete,Finish,Complete,Finish,complete,Finish,complete
كاين,exist,There is,There is/there are.,There is,exist,There is,exist,There is,exist
قصد,seek,Mean,intend,Mean,intend,intend,intend,Mean,intend
قلّب,check,Turn,Flip,Turn,Turn,Flip,turn,Flip,turn
نفع,serve,To benefit,benefit,Do,benefit,Do,benefit,Benefit,benefit
قسم,share,Divide,divide,Divide,divide,divide,divide,divide,divide
پارتاجا,share,Share,Share,Share,Share,Share,share,Share,share
نشء,establish,We create.,We grow/develop.,Grow,To create,Create,grow,Create,grow
أسّس,establish,Established,Found,Found,Establish,Establish,establish,Found,establish
تحكّم,control,Control,control,Control,control,Control,control,Control,control
جاوب,answer,Answer,Answer,Answer,answer,Answer,answer,Answer,answer
حدّد,identify,Specify,Specify,Define,to specify,Identify,determine,Specify,determine
عتانا,care,"""3tana"" translates to ""he/she argued"" in English.",He annoyed us.,Argued,Argue,Arguing,argue,Argue,argue
مكّن,enable,Enable,Enable,Enable,Enable,Enable,enable,Enable,enable
طالب,claim,Student,student,Study,to ask,Student,ask,study,ask
كسب,obtain,Earn,Earn,Earn,Earn,Earn,earn,Win,win
متّل,represent,To imitate,"To translate ""متّل"" from Moroccan Darija into English, it means ""to kill.""",To imitate,To paint,imitate,imitate,imitate,to imitate
تضمّن,contain,Include,Include,Include,Include,Include,include,Include,include
غلب,beat,To defeat/overcome.,To defeat/overcome.,To win,To defeat,Win,defeat,Overcome,defeat
تشطن,worry,"""tschtn"" doesn't have a direct translation in English, as it seems to be in Moroccan Arabic (Darija). However, based on context, it could mean ""to chat"" or ""to talk.""",To chat,To eat,To swim,Travel,to swim,Eat,swim
تحمّل,bear,"To bear, to endure",To bear / to endure / to tolerate,Bear,to bear,Bear,bear,Download,bear
سدّ,shut,Block,block/obstruct,Block,block,Block,block,Block,block
تساءل,wonder,Wonder,Wonder,Wonder,wonder,Wonder,wonder,wonder,wonder
ناسب,fit,Fit,Fit,Fit,Fit,Fit,suit,Fit,suit
تعلّق,regard,Hang,to hang,Hang,Hang,Hang,hang,Hang,hang
حطّ,place,Put,Put/Place,Put,Put,Put,put,Put,put
شمل,involve,To include,Include,Smell,Include,Smell,include,Smell,include
اتصل,contact,Call,Call,Call,Call,Call,call,Call,call
فتارض,assume,To refuse,To agree,To accept,To accept,Refuse,agree,Refuse,agree
أشار,indicate,Pointed,Pointed,Pointed,point,Point,point,Point,point
خدم,operate,Work,Work,Work,Work,Work,work,Work,work
تصرّف,manage,Behave,behave,Behave,behave,Behave,behave,Behave,behave
تأقلم,cope,Adapt.,Adapt,Adapt,Adapt,Adapt,adapt,Adapt,adapt
حدّد,determine,Identify,Specify,Specify,To specify,Identify,determine,Choose,determine
عكس,reverse,Opposite,Reverse,Opposite,reverse,Opposite,reverse,Oppose,reverse
أشار,refer,Pointed,Pointed,Pointed,point,Point,point,Point,point
ربح,gain,Win,win,Win,win,Win,win,Win,win
فحص,examine,Check,examine,Check,examine,Check,examine,Check,examine
فضّل,prefer,Prefer,prefer,Prefer,prefer,prefer,prefer,Prefer,prefer
عتارف,admit,Confess,To confess,Confess,Confess,Confess,recognize,Confess,confess
ردّ,respond,Reply,Return,Answer,to reply,Answer,reject,Answer,return
جاوب,respond,Answer,Answer,Answer,Answer,Answer,answer,Answer,answer
عتامد,depend,I rely.,rely,Rely,Trust,depend,rely,depend,trust
نجا,survive,Survived,escape/survive,Survive,escape,Survive,escape,Survive,escape
لاحض,notice,Notice.,Notice/observe.,Notice,Notice,Notice,notice,Notice,notice
نتج,result,We produce.,produce,Produce,produce,Produce,produce,Produce,produce
بدّل,replace,Change,Change,Change,change,Change,change,Change,change
كمّل,complete,Please provide the verb in Darija so I can translate it into English.,Complete,Finish,Complete,Finish,complete,Finish,complete
رتافع,rise,"""Rtaf3"" translates to ""to raise"" in English.",To elevate or to raise,To raise,To lift,Travel,rise,Travel,Stand up
قدّم,present,Present,Present,Present,to present,give,present,submit,present
نشء,arise,We create.,We grow/develop.,Grow,To create,Create,grow,Create,grow
أشار,point,Pointed,Pointed,Point,point,Point,point,Point,point
روّج,promote,Promote,Advertise,Promote,Advertise,Promote,advertise,Promote,massage
شجّع,promote,Cheer,Encourage,Encourage,Encourage,Support,encourage,Support,encourage
أدى,perform,Perform,To perform/To give,Perform,perform,Lead,perform,perform,perform
مدّد,extend,Extend,Extend,Extend,Extend,Extend,extend,Extend,extend
أشار,mention,Pointed,Pointed,Pointed,to point,Point,point,Point,point
ختالف,vary,Argue,disagree,Argued,Differ,Argue,differ,Argue,disagree
فاد,benefit,Help,helped,Help,help,Help,help,Help,help
عالج,treat,Treat,Treat,Treat,Treat,Treat,treat,Treat,treat
علّق,hang,Hang up,To hang,Comment,Hang,Comment,hang,Comment,hang
طيّح,drop,Fall,Fall,Fall,Fall,Fall,fall,Fall,fall
بلّغ,report,Inform,To inform/notify.,To inform,to inform,Reach,reach,report,reach
صبّ,cast,Pouring,Pour,Pour.,Pour,Pour verser,pour,Pour يصبّ,pour
ختابر,test,To chat,To communicate,To chat,To test,Experience,to test,Try,to test
أمّن,secure,Secure,To secure/protect.,To secure,Believe,Secure,secure,Secure,trust
طوّل,last,To lengthen/elongate.,To lengthen/elongate.,Lengthen,To lengthen,Lengthen,lengthen,Lengthen,lengthen
وافق,match,Agreed.,Agree,Agree,agree,Agree,agree,agree,agree
قدّر,assess,Appreciate,Appreciate/Value/Estimate/Assess,Appreciate,appreciate,Appreciate,estimate,Appreciate,estimate
ساهم,contribute,Contribute,Contribute,Contribute,to help,Contribute,contribute,Contribute,contribute
مدّ,supply,Stretch,Extend/Stretch,Extend,Extend,Stretch,stretch,Stretch,extend
علن,state,Announce,Declare,Announce,Declare,Declare,announce,announce,announce
قدّر,appreciate,Appreciate,Appreciate / Value / Estimate / Respect,Appreciate,appreciate,Appreciate,estimate,Appreciate,estimate
رتابط,relate,To chat,Communicate,To link,Communicate,Get bored,link,To link,interact
تغلّب,overcome,Overcome,To overcome,Overcome,To overcome,Overcome,overcome,Overcome,overcome
تخلّص,rid,Get rid of,To get rid of,Get rid of,To finish,Get rid of,get rid of,Finish,get rid of
حاول,attempt,Try,Try,Try,Try,Try,try,Try,try
حتافض,retain,I will sit down.,You will convince.,To sit down.,convince,To clean,convince,To clean,convince
تكلّف,handle,To cost,To pretend,To pretend,to pretend,Cost,cost,Cost,cost
جدب,attract,Steal,To attract,To deceive,To attract,Steal,to drown,Steal,Pull
ساعد,assist,Help,Help,Help,help,Help,help,Help,help
عاون,assist,Help,Help,Help,Help,Help,help,Help,help
أتّر,influence,I'm coming.,To delay,To come.,Wait,Watch,wait,Wait,wait
حدّد,mark,Identify,Specify,Define,to specify,Identify,determine,Identify,determine
فكّر,recall,Think,Think,Think,Think,Think,think,Think,think
سينا,sign,"""Sina"" doesn't have a direct translation in English. It might be a name or a word in Moroccan Arabic dialect. Can you provide more context or information so I can help you better?",We slept,We went.,We swim.,Go,swim,Watch,swim
خاف,fear,Fear,Fear,Fear,Fear,Fear,fear,Fear,fear
لصق,stick,Paste,To paste,Paste,To stick,Paste,paste,Paste,paste
سوّا,settle,Do,He did/ made/ created,Do,to do,Do,to do,Do,do
ريڭل,settle,"""Rigel""",To color,Dance,Dance,Dance,paint,Laugh,Laugh
قارن,compare,compare,Compare,Compare,Compare,Compare,compare,Compare,compare
حسب,account,According to,Calculate,According to,Calculate,Based,calculate,Based on,calculate
حقّق,investigate,Achieve,Achieve,Achieve,Achieve,Achieve,achieve,Achieve,achieve
نقّا,clear,Clean,Cleanse/Clarify,Clean,Clean,Clean,clean,Clean,clean
سجّل,record,Register,Register,Register,Register,Register,register,register,register
شجّل,record,Record,To register,Record,To light,Record,register,Encourage,record
كتاشف,explore,I discover,Discover,Discover,To discover,Discover,discover,Discover,discover
لام,blame,No,To curse,To refuse,To touch,Refuse,touch,Refuse,to learn
عبر,cross,Express,To express,Express,Express,Express,cross,Pass,express
عاق,realize,Disobey,disobey,Disobey,disobey,to disobey,disobey,Disobey,disobey
ركّز,focus,Concentrate,Focus,Focus,Focus,Focus,focus,Focus,focus
وصّل,deliver,Arrive.,Deliver,Arrive,deliver,Arrive,arrive,arrive,arrive
شرع,proceed,Start,To start/To begin,To start,Begin,Start,begin,Start,begin
زعج,bother,Annoyed,bother,Annoy,annoy,Annoy,annoy,Annoy,annoy
برزط,bother,To tie,To squeeze,To tie,To jump,To tie,to swim,Connect,To squeeze
رفض,refuse,Refuse,Refuse,Refuse,refuse,Refuse,refuse,Refuse,refuse
فرض,force,Impose,impose,Impose,impose,impose,impose,impose,impose
عتاقد,reckon,I think,I think,To think,Think,Think,think,Think,think
عزم,intend,To invite,Determined.,Intend,decide,Intend,determine,Determined,decide
نصح,advise,Advise,Advise,Advise,advise,Advise,advise,Advise,advise
كتاسب,acquire,You earn,You are earning.,To earn,to earn,Study,earn,Study,to earn
سترجع,recover,You will come back.,You will return.,To return,to return,Come back,return,Return,return
نشء,generate,We create.,We grow.,Grow,To create,Create,grow,Create,grow
تميّز,distinguish,Distinguish,distinguish,Distinguish,distinguish,Distinguish,distinguish,Distinguish,distinguish
شتابه,suspect,"""Shetabah"" translates to ""he/she wrote"" in English.",Hurry,To chat,Hurry,Shopping,hurry,Write,hurry
كسب,earn,Earn,Earn,Earn,Earn,Earn,earn,Win,earn
موّل,finance,Fund,Fund,Fund,Fund,Fund,finance,Fund,finance
هدم,destroy,Demolish,destroy,Destroy,destroy,Destroy,destroy,Destroy,destroy
تبع,pursue,Follow,Follow,Follow,Follow,Follow,follow,Follow,follow
علّق,comment,Hang,Hang,Hang,Hang,Comment,hang,Comment,hang
رضا,satisfy,Satisfaction,Acceptance,Acceptance,accept,Accept,accept,Accept,accept
تنافس,compete,Compete,Compete,Compete,compete,Compete,compete,Compete,compete
قاوم,resist,Resist,resist,Resist,resist,Resist,resist,Resist,resist
لاءم,suit,Fit,Fit/Match,Fit.,Fit,Fit,fit,Fit,fit
خاطب,address,Addressed,To address/speak to/marry.,To address,to address,Speak,marry,Speak,marry
حلّ,solve,Solve,Solve/Resolve.,Solve,Solve,Solve,solve,Solve,solve
بدّل,alter,Change,change,Change,change,Change,change,Change,change
فرض,impose,Impose,impose,Impose,impose,impose,impose,impose,impose
عرض,display,"""عرض"" بالدارجة المغربية تُترجم إلى ""show"" في الإنجليزية.",Present,Present,Present,present,present,Show,present
ناشد,appeal,To beg,To plead,To ask,to request,Appeal,appeal,Appeal,request
طلق,release,Divorce,Divorce,Divorce,Divorce,Divorce,divorce,Divorce,divorce
فرز,sort,Sort,Sort,Sort,Sort,Sort,sort,Sort,sort
رتّب,sort,Arrange,Arrange,Arrange,organize,Arrange,arrange,Arrange,arrange
ختار,select,Choose,Choose,Choose,Choose,Choose,choose,Choose,choose
عبر,measure,Express,To express,Pass,Express,Express,cross,Express,express
وصّا,recommend,To advise,To advise/advise.,Advise,Advise,Advise,advise,Advise,advise
طلب,order,Ask,asked,Ask,ask,ask,ask,ask,ask
أمر,order,Order,Order,Order,Order,Command,order,"دارجة: كوماند
",order
نقل,transfer,Move,transfer,Move,to transfer,Move,move,Move,move
هجم,attack,Attack,attack,Attack,attack,Attack,attack,Attack,attack
توسّع,expand,Expand,Expand,Expand,Expand,Expand,expand,Expand,expand
تكركب,roll,To ride.,To ride.,To ride,To ride,Riding,ride,Ride,ride
نفاجر,burst,We argue,We rebel.,Argue,To provoke,Argue,argue,Argue,argue
تعهّد,undertake,Commit,Commit,Commit,commit,commit,commit,commit,commit
تساراح,relax,"""Tsaragh"" in Moroccan Arabic translates to ""to walk"" in English.",To walk,To leave,To leave,Walk,to travel,Go,to travel
تصرّف,behave,Behave,Behave,Behave,behave,Behave,behave,Behave,behave
دكّر,remind,Remind,Remind,Remind,Remind,Remind,remind,Remind,remind
فكّر,remind,Think,Think,Think,Think,Think,think,Think,think
راجع,review,Review,Review,Review,review,Review,review,Review,review
نهج,approach,To walk,To guide,Walk,guide,Walk,guide,Walk,guide
رجّع,restore,Return,Return,Return,return,Return,return,Return,return
صدر,issue,To release,To release,To release,To release,to publish,to release,to release,to release
صاڭ,ride,"""Saqq"" in Moroccan Arabic translates to ""to pour"" in English.",To swim,To go,Wake up,Go,swim,to swim,swim
شكّل,constitute,Shape,To form/shape.,Form,to shape,Form,shape,Form,shape
ڭلب,switch,Golb,To eat,To steal,To take,Love,eat,Eat,eat
درّب,train,Train,Train,Train,Train,Train,train,Train,train
ستتمر,invest,"The verb ""ستتمر"" in Moroccan Arabic translates to ""to continue"" in English.",You will continue.,To continue,To continue,Continue,to continue,Study,complete
خطا,step,Write,He wrote,Write,Write,Make a mistake,write,Write,write
حدّ,limit,Limit,Limit,Limit,speak,Limit,limit,Limit,limit
وضّح,illustrate,Explain,Explain,Explain,Clarify,Explain,clarify,Explain,clarify
ملك,own,To own,own,To own,Have,Have,have,Have,own
عالج,tackle,Treat,Treat,Treat,Treat,Treat,treat,Treat,treat
تحدّا,challenge,Challenge,Challenge,Challenge,Challenge,Challenge,challenge,Challenge,challenge
شاف,view,See,See,See,see,See,see,See,see
ملك,possess,To own,own,To own,Have,Have,have,Have,own
حاور,communicate,Interview,Interview,Interview,interview,Interview,interview,Interview,interview
تسلّق,climb,Climb,to climb,Climb,to climb,Climb,climb,Climbing,climb
فصل,separate,Fire,To fire / to dismiss / to separate,To fire.,to disconnect,Quit,disconnect,Quit,disconnect
حافض,preserve,"""ḥafḍ"" translates to ""to memorize"" in English.",To memorize,To keep,Memorize,Keep,preserve,Study,preserve
نفّد,implement,We ran out.,To exhaust/ to deplete,To run out,To exhaust,Run out,to exhaust,Finish,to exhaust
حوّل,shift,Convert,Convert,Convert,Convert,Convert,convert,Convert,convert
أقرّ,acknowledge,I admit,To admit/acknowledge.,Acknowledge,To admit,Acknowledge,acknowledge,Read,acknowledge
ستنتج,conclude,Produce,You will produce.,Produce,to deduce,Produce,produce,Produce,produce
تيرا,shoot,"""Tira"" in Moroccan Arabic translates to ""throw"" in English.",Throw,To throw,Throw,See,throw,See,throw
متاتل,comply,"""Matatl"" translates to ""to kill"" in English.",To be lazy,To hesitate,To hesitate,To procrastinate,fall,Die,die
حسّن,enhance,Improve,Improve,Improve,Improve,Improve,improve,Improve,improve
راقب,monitor,Watch,Watch/observe.,Watch,Watch,Watch,watch,Watch,watch
ڭابل,monitor,Accept,Accept,Accept,Accept,Accept,accept,Accept,accept
شرا,purchase,Buy,Buy,Buy,Buy,Buy,buy,Buy,buy
شارجا,charge,"""Sharga"" doesn't have a direct translation in English, but it can be roughly translated as ""to charge"" or ""to load"" depending on the context.",Charge,Charge,To charge,Charge,charge,Charge,charge
بحت,research,Search,I searched,Search,search,Search,search,Search,search
بغا,aim,Wants,Want,Want,want,Want,want,Want,want
ستوعب,accommodate,Understand,Understand,Understand,Understand,Understand,understand,Understand,understand
شطح,dance,Daydream,daydream,Daydream,Daydream,Daydream,daydream,Daydream,daydream
فاق,wake,To wake up,To wake up,Wake up,Wake up,Wake up,surpass,Wake,surpass
صلّا,pray,Pray,Pray,Pray,Pray,Pray,pray,Pray,pray
دوّر,telephone,Look for,Search,Search,Search,Search,search,Search,search
ماركا,score,"""Marka"" in Moroccan Arabic translates to ""to walk"" in English.",To mark,Walk,Mark,Mark,marka,Shop,march
زلق,slip,Slip,slip,Slip,slip,Slip,slip,Slip,slip
رتاكب,commit,"""Rtakb"" translates to ""ride"" in English.",To ride,Ride,To ride,Commit,ride,Commit,ride
كشف,detect,Reveal,reveal,Reveal,reveal,reveal,reveal,reveal,reveal
ستبعد,exclude,You will move away.,You will move away.,To remove,to remove,Kick out,to remove,Leave,to remove
عدر,excuse,Apologize,Return,Apologize,Return,Apologize,return,Apologize,return
فسّر,interpret,Explain,Explain,Interpret,to explain,Explain,interpret,Translate,interpret
نشر,publish,Publish,To publish,To publish,publish,Post,publish,Post,publish
لاقا,link,Find,Find,Find,find,Find,find,Find,find
تفاوض,negotiate,Negotiate,Negotiate,Negotiate,negotiate,Negotiate,negotiate,Negotiate,negotiate
حلّل,analyze,Analyze,Analyze,Analyze,Analyze,Analyze,solve,Analyze,solve
سمّا,name,"""Smma"" translates to ""listen"" in English.",To name,To listen,to name,to listen,to name,to listen,to name
متدّ,stretch,To stretch,To stretch,To stretch,Stretch,Go,to stretch,Sit,to stretch
تقلّق,upset,Worry,To worry,Worry,worry,Worry,worry,Worry,worry
أهّل,qualify,Prepare,Prepare,Prepare,Prepare,Prepare,prepare,Prepare,prepare
خسّر,damage,Lost,lose,Lose,lose,Lose,lose,Lose,lose
طلق,launch,Divorce,Divorce,Divorce,Divorce,Divorce,divorce,Divorce,divorce
صبغ,paint,Dye,Dye,Dye,Dye,Dye,dye,Dye,dye
حدّد,specify,Identify,Determine/Specify,Define,To specify,Identify,determine,Identify,determine
منح,grant,To grant,grant,Give,to grant,Give,grant,Give,grant
سلّف,lend,Lend,To lend or to advance.,Lend,To lend,Loan,lend,lend,lend
بنا,construct,Build,Build,Build,build,Build,build,Build,build
تفاعل,react,React,Interact,Interact,Interact,Interact,interact,React,interact
ستاحق,deserve,You will deserve,Deserve,Deserve,Deserve,Deserve,deserve,Deserve,deserve
ستاهل,deserve,You deserve,Deserve,Deserve,Deserve,Deserve,deserve,Deserve,deserve
ترأس,head,To head,To preside,To preside,to preside,preside,to preside,Lead,to head
وجّه,direct,Direct,Direct,Direct,Direct,Direct,direct,Direct,direct
هبط,land,Land,descend,Descend,descend,Land,land,Descend,descend
قاد,conduct,Drive,drive,Drive,drive,Drive,drive,Drive,drive
تكبّد,sustain,"To bear, to endure","To bear, to endure, to suffer",To bear,to bear,Suffer,suffer,To incur,suffer
سيفط,submit,Safta,He will fall.,To fall,To open,To eat,to open,To fall,To open
تكوّن,consist,To form,To form/constitute.,To form,To form,Form,form,Form,form
عصف,blow,Sweep,To sweep,Sweep,sweep,Sweep,sweep,Clean,sweep
رشد,guide,Guide,Grow,Guide,Grow,Grow,grow,Guide,grow
قنع,convince,Convince,Convince,convince,convince,Convince,convince,convince,convince
مارس,practice,"""مارس"" تُترجم إلى ""do"" في اللهجة الإنجليزية.",Exercise,Practice,practice,Do,practice,Exercise,practice
قوّا,strengthen,Strengthen,Strengthen,Strengthen,strengthen,Strength,strengthen,Strength,strengthen
دقّ,knock,Knock,knock,Knock,knock,knock,knock,Knock,knock
عرض,invite,"""عرض"" بالدارجة المغربية تُترجم إلى ""show"" في الإنجليزية.",Present,Present,present,Show,present,Show,present
تخلّا,abandon,To leave,To leave,To leave,Leave,Let go,leave,Leave,leave
جاوب,reply,Answer,Answer,Answer,Answer,Answer,answer,Answer,answer
حرّك,shake,Move,Move,Move,Move,Move,move,Move,move
صلح,fix,Fix,To fix/repair.,Repair,repair,Fix,repair,Fix,repair
تضاهر,pretend,Pretend,Pretend,Pretend,pretend,Pretend,pretend,Pretend,pretend
شاور,consult,Shawer.,Shower,Consult,consult,Consult,consult,Consult,consult
قسم,divide,Divide,divide,Divide,divide,divide,divide,divide,divide
نخارط,engage,"""Nkhar9"" translates to ""we negotiate"" in English.",We draw.,To chat,To map,Play,to argue,Play,to argue
حقّق,fulfill,Achieve,Achieve,Achieve,Achieve,Achieve,achieve,Achieve,achieve
حكم,rule,Rule,rule,Judge,judge,Judge,rule,Judge,rule
عالج,process,Treat,Treat,Treat,Treat,Treat,treat,Treat,treat
جاب,fetch,Bring,bring,Bring,bring,bring,bring,bring,bring
نقل,convey,Move,transfer,Move,to transfer,Move,transfer,Move,transfer
جسّد,incorporate,To embody,Embodied,Embody,embody,embody,embody,to embody,embody
حصر,restrict,List,to restrict; to limit; to confine,Limit,to restrict,List,restrict,List,restrict
ستبعد,eliminate,To remove,You will move away.,To remove,to remove,Remove,to remove,Leave,to remove
زوّل,eliminate,To download,To descend,Download,To descend,Travel,marry,Download,To shave
لغا,eliminate,To leave,To swim,To go,To swim,Study,swim,To go,swim
حوّل,convert,Convert,Convert,Convert,Convert,Convert,convert,Convert,convert
تقاعد,retire,Retire,Retire,Retire,retire,Retirement,retire,Retire,retire
ضبط,adjust,Adjust,To adjust/fix/arrange.,Adjust,Adjust,Adjust,control,Adjust,control
عدّل,adjust,Modify,Fix/adjust/modify.,Modify,to adjust,Modify,modify,Modify,modify
سهّل,ease,Facilitate,Facilitate,Facilitate,Facilitate,Facilitate,facilitate,Facilitate,facilitate
كبّ,pour,"""Kbb"" in Moroccan Arabic means ""to lie down"" in English.",Pouring,To sit.,Pour.,Cook,pour,Cook,cry
صبّ,pour,Pouring,Pour,Pour.,Pour,Pour verser,pour,Pour يصبّ,pour
نسج,knit,Weave,weave,Weave,weave,Weave,weave,Weave,weave
دعم,back,Support,Support,Support,Support,Support,support,Support,support
طراسا,trace,"""Tarasa"" doesn't have a direct translation in English, as it is a colloquial term in Moroccan Arabic. However, it can be loosely translated to ""to chill"" or ""to relax"" in English.",To dig,To search,To swim,To swim,swim,To swim,to search
سجّل,register,Register,Register,Register,register,Register,register,register,register
حسب,calculate,"""حسب"" تُترجم إلى ""according to"" في الإنجليزية.",Calculate,According to,Calculate,Based on,calculate,Based on,calculate
حفّز,stimulate,Motivate,Motivate,Motivate,Motivate,Motivate,motivate,Motivate,motivate
طبع,print,Print,Print,Print,Print,Print,print,Print,print
إمپريما,print,Imprima,"Imprima

(Print)",To emprima.,To emphasize,Empower,imprima,Empower,imperative
توتّر,stress,Stress,Stress,Tense,Tense,Stress,tense,Stress,tense
عيّن,appoint,Appoint,Appoint,Appoint,Appoint,Appoint,appoint,Appoint,appoint
تدخّل,interfere,Intervene,intervene,Intervene,Intervene,Intervene,intervene,Intervene,intervene
عتارض,object,Argue,argue,Contradict,Contradict,Oppose,contradict,Oppose,oppose
قوّا,boost,Strengthen.,Strength/empower.,Strengthen,strengthen,Strength,strengthen,Strength,strengthen
يسّر,facilitate,Facilitate,Facilitate,Facilitate,facilitate,Facilitate,facilitate,Facilitate,facilitate
سهّل,facilitate,Facilitate,Facilitate,Facilitate,Facilitate,Facilitate,facilitate,Facilitate,facilitate
حتاج,lack,I need,Need,Need,need,need,need,need,need
حبس,cease,Imprison,imprison,Imprison,Imprison,Lock up,imprison,imprison,imprison
نفّد,enforce,We ran out.,We ran out.,To run out,To exhaust,Run out,to exhaust,Run out,to exhaust
تأقلم,adapt,Adapt.,Adapt,Adapt,Adapt,Adapt,adapt,Adapt,adapt
عڭد,tie,Argued,To argue,Argue,to bite,Read,swim,to hold,swim
قتابس,quote,I quote,To quote,Quote,Quote,Quote,quote,Quote,to subscribe
سيطر,dominate,Control,Control,Control,Control,Control,control,Control,control
فرڭع,pop,"""Frnga"" translates to ""to argue"" in English.",To burp,To steal,To break.,Jump,burp,Jump,Jump
عجب,please,Like,like,Like,like,Like,like,Like,like
صمّم,design,Design,Design,Design,Design,Design,design,Design,design
تدخّل,intervene,Intervene,Intervene,Intervene,Intervene,Intervene,enter,Intervene,intervene
طلّع,yield,To go out,To go out,Go up,Go out,Go up,go up,Go out,go out
ستاقل,resign,"""Staql"" doesn't have a direct translation in English, but it can be roughly translated as ""to miss"" or ""to long for"" depending on the context.",To miss,To go down,To miss,Miss,miss,Travel,miss
تهجّا,spell,To argue,To memorize,To speak,to scream,Speak,pronounce,sing,to migrate
حرّك,stir,Move,Move,Move,Move,Move,move,Move,move
خصّص,spare,Dedicate,To specialize or to allocate.,To allocate,dedicate,Allocate,dedicate,Allocate,dedicate
قدّر,estimate,Appreciate,Appreciate / Value / Estimate / Assess,Appreciate,appreciate,Appreciate,estimate,Appreciate,estimate
ضرب,kick,Hit,hit,Hit,hit,Hit,hit,Hit,hit
ركل,kick,Kick,Kick,Kick,kick,Kick,kick,Kick,kick
عدّد,list,List,Count,Count,Count,Count,count,Count,count
لبس,dress,Wear,wear,Wear,wear,wear,wear,wear,wear
علن,declare,Announce,Declare,Announce,Declare,Declare,announce,announce,announce
ديكلارا,declare,Declare,Declare,Declare,Declare,Declare,declare,Declare,declare
أكّد,assure,Confirm,Confirm,Confirm,confirm,Confirm,confirm,Confirm,confirm
ستامدّ,derive,I will support,To support,To support,To support,Stand,to support,Support,to support
دخل,access,Enter,Enter,Enter,enter,Enter,enter,Enter,enter
أجّل,delay,Postpone,Postpone,Postpone,Postpone,Delay,delay,Postpone,delay
وضّح,clarify,Explain,Explain,Explain,Clarify,Explain,clarify,Explain,clarify
نقل,copy,Move,transfer,Move,move,Move,transfer,Move,transfer
نسخ,copy,Copy,Copy,Copy,Copy,Copy,copy,Copy,copy
فضّل,favor,Prefer,prefer,Prefer,prefer,prefer,prefer,prefer,prefer
مدّ,hand,Stretch,Extend/Stretch,Extend,Extend,Stretch,extend,Stretch,extend
قبط,capture,To grab,Steal,Steal,To grab,Steal,steal,Buy,steal
عزّز,reinforce,Strengthen,strengthen,Reinforce,strengthen,Boost,strengthen,Strengthen,strengthen
حوّل,transform,Convert,Convert,Convert,Convert,Convert,convert,Convert,convert
فهم,perceive,Understand,Understand,Understand,understand,Understand,understand,Understand,understand
خدم,function,Work,work,Work,work,Work,work,work,work
غادر,quit,Leave,To leave,Leave,to leave,Leave,leave,Leave,leave
رافق,accompany,Accompany,Accompany,Accompany,Accompany,Accompany,accompany,Accompany,accompany
موّل,fund,Fund,To finance,Fund,Fund,Fund,finance,Fund,finance
جمع,pack,Collect,Collect/ Gather,Gather,to collect,Collect,to collect,Collect,to collect
صحّح,correct,Correct,Correct,Correct,Correct,Correct,correct,Correct,correct
أبحر,sail,Sail,Sail,Sail,sail,Sail,sail,Sail,sail
عوّض,compensate,Replace,Replace,Replace,Replace,compensate,compensate,Replace,compensate
سرق,steal,Steal,steal,Steal,to steal,Steal,steal,Steal,steal
شفر,steal,Look,Unlock,See,Unlock,Watch,unlock,Watch,unlock
قوّض,undermine,Undermine,Undermine,Undermine,Undermine,Undermine,undermine,Undermine,undermine
متدّ,range,To stretch,To stretch,To stretch,Stretch,To wait,to stretch,Sit,stretch
عارض,oppose,Oppose,Oppose,Oppose,Oppose,Oppose,oppose,Oppose,oppose
حدّد,locate,Identify,Specify,Define,to specify,Identify,determine,Identify,determine
زرب,hurry,"""Zerbe""",To mix,To hit,To mix,Visit,to hit,Hit,hit
نشر,broadcast,Publish,To publish,To publish,publish,Post,publish,Post,publish
قاضا,sue,Judge,Judge,Judge,judge,Judge,judge,judge,judge
ميزا,bid,"""Miza"" translates to ""to distinguish"" in Moroccan Arabic.",Differentiate.,Differentiate,Differentiate,Differentiate,differentiate,Differentiate,differentiate
ضوّا,light,To light up,Illuminate,To light,Illuminate,Light,light,Light,light
تباطأ,slow,Slow down,To slow down,Slow down.,to slow down,Slow,delay,Slow down,delay
همّ,concern,They,They.,They.,Whisper,They swim.,whisper,Do,whisper
رفض,dismiss,Refuse,Refuse,Refuse,refuse,Refuse,refuse,Refuse,refuse
صلح,repair,Fix,To fix/repair.,Repair,Fix,Fix,repair,Fix,repair
طابق,conform,"""طابق"" translates to ""to floor"" in English.",Floor,To build,To match,Floor,to build,Floor,to build
ربط,attach,Connect,tie,Connect,Tie,Connect,tie,Connect,tie
زرّب,rush,"""Zerreb""",To hit or to beat,To visit,To visit,Visit,to visit,Visit,to visit
غرق,sink,Drown,drown,Drown,drown,Drown,drown,Drown,drown
نتازع,grab,We argue.,We argue.,Argue,argue,Argue,argue,Argue,argue
كالما,calm,Kalmah,Speak,Speak,Speak,Speak,speak,Speak,speak
حتجّ,protest,I will go.,You will need,To need,Need,Need,need,Need,need
وازن,balance,Balance,Balance,Balance,Weigh,Balance,balance,Balance,balance
طلب,beg,Ask,asked,Ask,ask,ask,ask,Ask,ask
تبّت,install,To fix.,To repent,To fix,Establish,Establish,establish,Install,repent
طوّر,advance,Develop,Develop,Develop,Develop,Develop,develop,Develop,develop
طرد,fire,To kick out,To expel/evict/kick out.,To kick out,to expel,Kick,expel,Kick,expel
عاون,aid,Help,Help,Help,Help,Help,help,Help,help
تدفّق,flow,Flow,Flow,Flow,Flow,Flow,flow,Flow,flow
جرّ,drag,To drag,Pull,Drag,drag,Run,drag,Run,drag
تطابق,correspond,Match,match,Match,match,Match,match,Match,match
شكّل,pose,Shape,To form/shape/constitute.,Form,To form,Form,shape,Form,shape
تعجب,admire,Be surprised,To surprise,To be surprised.,wonder,Like,wonder,Like,wonder
خفّف,relieve,Lighten,Lighten,Lighten,To lighten,Lighten,lighten,Reduce,lighten
دابز,combat,Dabz,To jump,To walk,To jump,Dance,to paint,Dance,Jump
ندامج,integrate,We mix.,We mix.,To mix,To mix,Regret,merge,Merge,to mix
ماتّافقش,disagree,I don't agree.,Do not agree.,Not agree.,disagree,Disagree,not agree,Disagree,agree
اتصل,connect,Call,Call,Call,to call,Call,call,Call,call
حيّن,update,To live,To decorate,To live,Call,Prepare,prepare,Prepare,prepare
غيّر,modify,Change,Change,Change,Change,Change,change,Change,change
ختار,opt,Choose,Choose,Choose,Choose,Choose,choose,Choose,choose
أمر,command,Order,Order,Order,Order,Command,order,دير,order
متاتل,obey,"""Matatl"" translates to ""to kill"" in English.",To hesitate,To hesitate,To hesitate,To procrastinate,fall,Die,to hesitate
ستخرج,extract,You will go out.,You will go out.,To go out,to go out,Go out,to go out,Go out,to go out
عارض,counter,Oppose,Oppose,Oppose,Oppose,Oppose,oppose,Oppose,oppose
ستأنف,resume,Resume,Resume,Resume,To resume,Resume,resume,Resume,resume
شدّ,grasp,Pull,Pull,Pull,pull,Pull,pull,Pull,pull
ستوعب,grasp,Understand,Understand,Understand,Understand,Understand,understand,Understand,understand
تزعلل,swing,Get angry.,To get angry,To get angry.,To get angry,Get angry,get angry,Get angry,get angry
سلّم,render,Hand over,Deliver,Submit,deliver,Deliver,submit,Submit,deliver
زرب,speed,"""Zerbe""",To mix,To hit,To mix,Visit,hit,Hit,hit
واجه,confront,Face,Face,Face,Face,Face,face,Face,face
منع,ban,Prohibit,prevent,Prevent,prevent,Prevent,prevent,Prevent,prevent
مسح,wipe,Wipe,wipe,Wipe,wipe,Wipe,wipe,Delete,wipe
ضوبل,double,"""Doubled""",To hit,To hit,To hit,Study,swim,Study,hit
شتامل,comprise,"""Sh'tamel"" translates to ""I'm doing well"" in Moroccan Arabic.",To gather,To think,Include,Insult,to include,Insult,to include
شهد,witness,Witness,to witness,Witness,to witness,Witness,witness,Witness,witness
غرس,plant,Plant,plant,Plant,plant,Plant,plant,Plant,plant
جزم,assert,To argue,To decide,Dance,decide,dance,decide,dance,decide
كشف,disclose,Reveal,reveal,Reveal,reveal,reveal,reveal,reveal,reveal
عصر,squeeze,squeeze,squeeze,squeeze,squeeze,Cook,squeeze,squeeze,squeeze
بجغ,squeeze,bjgj,To bark,To search,To bark,Study,argue,بحث,argue
ربط,bind,Connect,tie,Connect,Tie,Connect,tie,Connect,tie
ضرّ,harm,Hurt,Harm,Harm,Harm,Harm,harm,Harm,harm
أدا,harm,To bring,To pay,To come,to pay,Sing,pay,Go,pay
تلاقا,encounter,Meet,Meet,Meet,meet,Meet,meet,Meet,meet
طلب,request,Ask,asked,Ask,ask,ask,ask,Ask,ask
عانا,struggle,Suffered,suffer,Suffered,Suffer,Suffer,suffer,Suffer,suffer
خدّم,hire,Work,work,Work,work,Work,work,Work,work
خبّا,conceal,Hide,Hide,Hide,Hide,Hide,hide,Hide,hide
خدّم,recruit,Work,Work,Work,Work,Work,work,Work,work
سرح,wander,Daydream,Daydream,Daydream,Daydream,Daydream,daydream,Travel,travel
شدّد,emphasize,To emphasize,To tighten or to strengthen,Emphasize,tighten,Emphasize,tighten,Strengthen,tighten
عبر,weigh,Express,To express,Pass,to express,Express,cross,Express,express
وزن,weigh,To weigh,To weigh,To weigh,To weigh,to weigh,to weigh,Cook,to weigh
تزامن,coincide,Synchronize,coincide,Coincide,coincide,coincide,coincide,coincide,coincide
حنا,bend,We,We,We,We,we,we,We,go
تنا,bend,To come,To sleep,To go,Sing,Go,sing,Eat,sing
نضّم,regulate,Organize,organize,Organize,Organize,organize,organize,organize,organize
نقد,rescue,Criticism,criticize,Critique,criticize,Critique,criticize,Critique,criticize
رفّه,entertain,Relax,Relax,To lift,To relax,Relax,relax,Relax,lift
توقّع,forecast,Expect,To expect/anticipate/predict.,Expect,Expect,Expect,expect,Expect,expect
فحص,inspect,Check,examine/inspect,Check,examine,Check,examine,Check,examine
صدّر,export,Export,Export,Export,Export,Export,export,export,export
لحّ,urge,To rub,To knead,To rub,Rub,Fight,boil,Rub,Rub.
ستنتج,induce,Produce,You will produce.,Produce,to deduce,produce,produce,Produce,produce
سدّ,lock,Block,block/obstruct,Block,Block,Block,block,Block,block
عرض,exhibit,Show,Present,Present,Present,Show,present,Show,present
سخّن,warm,Heat,Heat,Heat,Heat,Heat,heat,Heat,to heat
دفّا,warm,Warm,Warm up,Warm,Warm,Warm,warm,Warm,warm
عتارف,confess,Confess,To confess,Confess,Recognize,Confess,recognize,Confess,confess
سمح,forgive,"""Smah"" translates to ""allow"" in English.",Forgive,Allow,Allow,Allow,allow,Allow,allow
طمّر,tolerate,"""Tammar"" means ""to bury"" in Moroccan Arabic.",bury,Bury,To bury,Bury,bury,Bury,bury
تسلّق,mount,Climb,to climb,Climbing,Climb,Climb,climb,Climbing,climb
مسح,brush,Wipe,wipe,Wipe,wipe,Wipe,wipe,Wipe,wipe
نتج,reproduce,Produce,produce,Produce,produce,Produce,produce,Produce,produce
خضع,undergo,To undergo,Submit,To undergo,submit,Submit,submit,Submit,submit
بهر,impress,To impress,Sell,To dazzle,Sell,Impress,sell,Impress,sell
نخافض,decline,We go down.,We lower.,We lower.,To lower,We lower,lower,We lower,lower
فرك,rub,Rub,Rub,Rub,Rub,Rub,rub,Rub,rub
وكّل,cater,Delegate,Delegate,Delegate,Delegate,Delegate,entrust,Delegate,entrust
دار,tour,House,to do/ to make,To live,to do,live,do,Do,to live
وزّع,distribute,Distribute,Distribute,Distribute,Distribute,Distribute,distribute,Distribute,distribute
حسّ,sense,Feel,Feel,Feel,Feel,Feel,feel,Feel,feel
خلّص,repay,Finish,Finish,Finish,Finish,Finish,finish,Finish,finish
رجّع,regain,Return,Return,Return,return,Return,return,Return,return
ستعاد,regain,Will be returned,To repeat,To repeat,To repeat,Replay,recover,Repeat,return
قلّل,minimize,Reduce,reduce,Reduce,Reduce,Reduce,reduce,Reduce,reduce
وقّف,halt,Stop,Stop,Stop,Stop,Stop,stop,Stop,stop
شكّل,shape,Shape,To form/shape/constitute.,Form,To shape,Form,shape,Form,shape
زعج,disturb,Bother.,bother,Annoy,annoy,Annoy,annoy,Annoy,annoy
عضّ,bite,Bite,Bite,Bite,Bite,Bite,bite,Bite,bite
تقدّم,progress,To present,to advance; to progress; to apply,To present,to advance,apply,advance,apply,advance
كرّس,devote,"""Karras""",To concentrate/focus.,Dedicate,Consecrate,dedicate,dedicate,dedicate,dedicate
ستافزّ,provoke,Staffaz: to win or succeed.,You will win.,To provoke,Win,Winning,win,Winning,win
طمأن,reassure,Reassure,Assure/Reassure.,Assure,Assure,Assure,assure,Assure,assure
تأمّل,contemplate,Contemplate,Contemplate,Contemplate,Contemplate,Contemplate,contemplate,Contemplate,contemplate
حدّر,alert,To drag,To push or shove,To warn,Prepare,Travel,to drag,Predict,warn
تفاعل,interact,React,Interact,Interact,Interact,React,interact,Interact,interact
سخّن,heat,Heat,Heat,Heat,Heat,Heat,heat,Heat,to heat
بتاكر,devise,To take,To eat,To eat,To remember,Thank.,to remember,Eat,remember
حكم,govern,Rule,rule,To judge,rule,Judge,rule,Judge,rule
عانق,embrace,Hug,hug,Hug,hug,Hug,hug,Hug,hug
عزّا,comfort,To comfort,To honor/ to respect,To honor,to comfort,To support,console,Mourn,console
حجز,seize,Book,Book,Book,to book,Book,book,Book,book
دوّب,melt,"""Doubb""",To mix,To melt,Mix,Study,write,Write,write
زاد,supplement,Increase,increase,Increase,increase,Increase,increase,Increase,increase
تكّا,lean,Sit down.,Wait,Sit,sit,Cook,dance,Listen,sit
طبّق,exert,Cook,Apply,Apply,Apply,Apply,apply,Apply,apply
حتارس,beware,Hatars: to be careful or cautious.,To guard/protect.,To guard,To be careful,To guard,be careful,To guard,be careful
تشابه,resemble,Resemble,resemble,Resemble,resemble,Similarity,resemble,Similarity,resemble
منع,abolish,Prevent,prevent,Prevent,prevent,Prevent,prevent,Prevent,prevent
هرّس,crack,Grind,To chop or to mince,Mash,Grind,Mash,plow,Grind,grind
قمع,suppress,Suppress,Suppress,Suppress,repress,Suppress,suppress,Suppress,suppress
ڭابل,guard,Accept,Accept,Accept,Accept,Accept,accept,Accept,accept
فاجأ,surprise,Surprise,Surprise,Surprise,Surprise,Surprise,surprise,Surprise,surprise
تردّد,hesitate,Hesitate,hesitate,Hesitate,hesitate,Hesitate,hesitate,hesitate,hesitate
شحن,load,Top up,To charge,Recharge,Recharge,Charge,recharge,Recharge,recharge
سرط,swallow,"""Sart"" in Moroccan Arabic translates to ""to run"" in English.",To exaggerate,To steal,To joke,Steal,to steal,Laugh,run
بدا,initiate,Start,start/begin,Start,start,Start,start,start,begin
أتّر,effect,I'm coming.,To delay,To come,Wait,Eat,wait,Wait,wait
تحكّم,manipulate,Control,control,Control,control,Control,control,Control,control
ردع,deter,Deter,To scare,Deter,To deter,Deter,deter,Deter,deter
رتابط,associate,"I'm not sure what ""رتابط"" means in Moroccan Arabic. Can you provide more context or explain it further?",Communicate,To link,Communicate,Link,interact,Disconnect,interact
أدار,administer,To manage,Turned,To manage,to manage,Manage,to manage,Manage,to manage
قتل,murder,Kill,kill,Kill,to kill,kill,kill,Kill,kill
تابر,persist,"""Tabeer"" in Moroccan Arabic translates to ""interpret"" in English.",To endure,To endure,to endure,Travel,to endure,To help,to endure
حيّا,greet,Hello,Welcome,Live,to welcome,Welcome,welcome,Welcome,live
دمّع,tear,Cry,To tear up / to cry,To tear,to tear,Cry,tear,Cry,tear
طارد,hunt,Chase,chase,Chase,chase,Chase,chase,Chase,chase
فسد,spoil,Spoil,corrupt/ruin,Corrupt,corrupt,corrupt,corrupt,corrupt,corrupt
سطّر,line,Write,To write,Write,Write,Write,write,Write,write
بارك,bless,Congratulations,Congratulations,Congratulations,to bless,Celebrate,congratulate,Congratulations,congratulate
ختارق,penetrate,"""Khtarq"" doesn't have a direct translation in English, but it can be understood as ""to choose"" or ""to select"" in Moroccan Arabic.",To choose,To choose,To choose,Choose,drown,Choose,Escape
ضاعف,multiply,Double,Multiply,Double,double,Double,double,Double,double
دمج,merge,Merge,Merge,Merge,Merge,Merge,merge,Merge,merge
درّب,coach,Train,Train,Train,Train,Train,train,Train,train
جفّ,drain,Dry,dry,Dry,Dry,Dry,dry,Dry,dry
ستنزف,drain,You will bleed.,You will bleed.,To bleed,To bleed,Bleed,bleed,bleed,bleed
كفا,suffice,Enough,Enough,Stop.,Stop,Stop,stop,Stop,stop
فتارض,presume,To refuse,You will be pleased.,To accept,To accept,Refuse,agree,Refuse,agree
صيّد,fish,Hunt,Hunt,Hunt,hunt,Hunt,hunt,Catch,hunt
تقدّا,shop,To expect,To expect,Expect,to expect,Expect,expect,Can.,expect
تسابق,race,Race,Race,Race,race,Race,race,race,race
شرّف,honor,Honor,To honor/ to dignify,Honor,Honor,Honor,honor,Honor,honor
جمّد,freeze,Freeze,Freeze,Freeze,Freeze,Freeze,freeze,Freeze,freeze
داوا,cure,Treat,Treat,Treat,Treat,Try,treat,Try,treat
عالج,cure,Treat,Treat,Treat,Treat,Treat,treat,Treat,treat
تبادل,swap,Exchange,exchange,Exchange,exchange,Exchange,exchange,Exchange,exchange
تحمّل,endure,"To bear, to endure",To endure / to bear / to tolerate,Endure,to bear,Endure,endure,Download,bear
طارد,chase,Chase,chase,Chase,chase,Chase,chase,Chase,chase
ستهلك,consume,You will eat.,You will consume.,To consume,consume,Eat,consume,eat,consume
خشا,insert,Enter,Fear,Enter,Fear,Enter,fear,Enter,enter
تسنّا,await,Wait,We waited.,Wait,to wait,Wait,wait,Wait,wait
نجارف,drift,"""Njaref"" in Moroccan Arabic translates to ""to carpenter"" in English.",carpenter,Carpenter,to carpenter,carpenter,carve,to travel,repair
بدّل,substitute,Change,change,Change,change,Change,change,Change,change
ستسلم,surrender,You will deliver.,You will surrender.,To surrender.,To surrender,Deliver,to surrender,Deliver,surrender
زيّر,wind,To visit,Visit,Visit,Visit,Visit,visit,Visit,visit
قلّص,contract,Reduce,To reduce or decrease,Reduce,Reduce,Reduce,reduce,Reduce,Reduce
ميّز,differentiate,Differentiate,Distinguish,Distinguish,distinguish,Differentiate,distinguish,Differentiate,distinguish
علن,advertise,Announce,Declare,Announce,Declare,Declare,announce,announce,announce
صالح,reconcile,To fix/repair,To fix/repair.,To fix,Repair,Fix,repair,Fix,repair
تصوّر,project,Imagine,Imagine,Imagine,Imagine,Imagine,imagine,Imagine,imagine
نسّق,co-ordinate,Coordinate,Coordinate,Organize,Organize,Coordinate,organize,organize,organize
فرڭع,snap,"""Frnga"" translates to ""to argue"" in English.",To burp,To steal,To break.,Jump,jump,Jump,Jump
لعن,damn,Curse,Curse,Curse,curse,Curse,curse,Curse,curse
طيّب,bake,Okay,To make something good or to be good.,To be good,To make something good.,Okay,to make something good,Okay,to make something good
طوا,fold,To fold,To fold,Fold,Fold,Cook,fold,Cooking,Fold
تنازل,concede,To give up,To resign,To give up,to resign,Resign,resign,Resign,resign
جدّد,renew,Renew,Renew,Renew,Renew,Renew,renew,Renew,renew
صاغ,formulate,To formulate,to craft/ to forge,Craft,to craft,Craft,to forge,Craft,to forge
خلّط,confuse,Mix,Mix,Mix,Mix,Mix,mix,Mix,mix
حدّ,maximize,Limit,Limit,Limit,limit,Limit,speak,Limit,limit
مسح,sweep,Wipe,wipe,Wipe,wipe,Wipe,wipe,Wipe,wipe
وجّه,steer,Direct,Direct,Direct,Direct,Face,direct,Direct,direct
تساهل,indulge,To tolerate,To forgive,To tolerate,tolerate,To tolerate,tolerate,Ease,tolerate
خفّض,decrease,Reduce,Lower,Reduce,Lower,Reduce,lower,Reduce,lower
حجز,reserve,Book,Book,Book,to book,Book,book,Book,book
رزرڤا,reserve,"""Rzerva"" يعني ""to reserve"" في الدارجة المغربية.",To reserve,Save,To reserve,Reserve,reserve,Reserve,Reserve
ستقبل,host,You will receive.,You will receive.,Accept,to accept,Accept,receive,accept,receive
تطوّر,evolve,Evolve,evolve,Evolve,evolve,Develop,evolve,Develop,evolve
رعا,foster,To raise,To graze,Take care of,Take care.,Take care of,take care,Take care.,raise
عڭّز,discourage,To annoy,To annoy,To annoy,To encourage,Dance,to annoy,Hiking,teach
طوّق,curb,To choke,To choke,To put a collar on,To choke,Collar,to choke,Necklace,to surround
خصّص,dedicate,To allocate/assign.,To specialize or to allocate.,To allocate,dedicate,Allocate,dedicate,Allocate,dedicate
شرف,supervise,Honor,Honor,Honor,Honor,Honor,honor,Honor,honor
تلاشا,fade,Disappear,Search,Disappear,Search,Disappear,search,Disappear,search
دعم,endorse,Support,Support,Support,Support,Support,support,Support,support
أدان,condemn,Condemned,To condemn,Condemn,to condemn,condemn,condemn,condemn,to condemn
حجز,book,Book,book,Book,to book,Book,book,Book,book
صلح,reform,Fix,To fix/repair.,Repair,Fix,Fix,repair,Fix,repair
عاقب,punish,Punish,Punish,Punish,Punish,Punish,punish,Punish,punish
فرڭع,bang,"""Frgh"" doesn't have a direct translation in English, as it is a slang term in Moroccan Arabic. However, it can be roughly translated as ""to annoy"" or ""to bother.""",To burp,To jump,To break.,Jump,jump,Jump,Jump
ستعرض,outline,Will present,To present/To display,Present,to present,Show,to present,Show,to present
قلّل,diminish,Reduce,To reduce,Reduce,Reduce,Reduce,reduce,Reduce,reduce
ساد,prevail,"""Saad"" translates to ""to rule"" in English.",Lead,Rule,Help,Rule,lead,Lead,help
نقّز,leap,Jump,Jump,Jump,jump,Jump,jump,Jump,jump
لوا,wrap,To roll,To roll,To roll,To turn,Swim,to say,Read,turn
تفاهم,compromise,Understand,Understand,Understand,Understand,Understand,understand,Understand,understand
راب,collapse,Rap,To rap,Rap,To rap,Rap,rap,Rap,Wrap
حما,safeguard,Protect,Protect,Protect,Protect,Protect,protect,Protect,protect
منع,inhibit,Prohibit,prevent,Prevent,prevent,Prevent,prevent,Prevent,prevent
غوّت,scream,"""ghott"" means ""to pour"" in Moroccan Arabic.",To deceive,To swim,To swim,Go,to swim,Sing,to swim
تواعد,date,Date,To date/meet up.,To date,to date,dating,date,Date,date
مسح,delete,Wipe,wipe,Wipe,wipe,Wipe,wipe,Wipe,wipe
حقق,attain,Achieve,Achieve,Achieve,Achieve,Achieve,achieve,Achieve,achieve
كره,dislike,Hate,hate,Hate,hate,Hate,hate,Hate,hate
تصوّر,conceive,Imagine,Imagine,Imagine,Imagine,Imagine,imagine,Imagine,imagine
ملا,dictate,Eat,Fill,Fill,Fill,Fill,fill,Eat,fill
وحّد,unite,Unify,Unite,Unify,Unify,Unify,unify,Unify,unify
ستورد,import,Import,import,Import,import,Import,import,Import,import
بنا,rebuild,Build,Build,Build,build,Build,build,Build,build
زداهر,flourish,Zdaher,"This word does not exist in Moroccan Darija. It seems like a misspelling or a typo. If you provide more context or details, I can try to help you further.",To increase,to appear,Study,to encourage,Show,to appear
نتاقد,criticize,We criticize,We criticize,Critique,criticize,Critique,criticize,Critique,criticize
غلا,boil,Love,Love,Love,to love,Love,to be expensive,Love,love
غلا,inflate,Love,Love,Love,Love,Love,to be expensive,Love,love
هرب,flee,Escape,escape,Escape,escape,Escape,escape,Escape,escape
بدا,commence,Start,start/begin,Start,start,Start,begin,start,begin
مدح,praise,Praise,Praise,Praise,Praise,Praise,praise,Praise,praise
بلاصا,park,Sit down,"Please provide more context or a sentence using the word ""بلاصا"" so I can accurately translate it for you.",To replace,To please,Place,to replace,Place,to please
ميّز,discriminate,Differentiate,Distinguish/ differentiate.,Differentiate,distinguish,Differentiate,distinguish,Differentiate,distinguish
تبع,track,Follow,Follow,Follow,Follow,Follow,follow,Follow,follow
طوّق,enclose,To choke,To choke,To put a collar on,To choke,Collar,to choke,Necklace,to surround
قابل,interview,Meet,meet,Meet,meet,Meet,meet,meet,meet
شدّد,tighten,To tighten,To tighten or to strengthen,To tighten,tighten,Emphasize,tighten,Strengthen,strengthen
لوّن,color,Color,Color,Color,To color,Coloring,color,Color,color
غامر,venture,Risk,To dare,Risk,risk,Risk,to risk,Take risks.,risk
خمّن,speculate,Guess,Guess,Guess,Guess,Guess,guess,Guess,guess
قدّر,speculate,Appreciate,Appreciate/Value/Estimate,Appreciate,appreciate,Appreciate,estimate,Appreciate,estimate
غادر,depart,Leave,To leave,Leave,leave,Leave,leave,Leave,leave
قاطع,interrupt,Interrupt,Interrupt,Interrupt,Interrupt,Interrupt,interrupt,boycott,boycott
موّه,disguise,To deceive,To deceive,Deceive,Inspire,Inspire,deceive,Impress,deceive
نتاخب,elect,Vote,We elect.,Vote,Choose,Vote,elect,Vote,elect
تحمّل,withstand,"To bear, to endure",To bear / to endure / to tolerate,Bear,to bear,Bear,bear,Download,bear
كبح,restrain,To brake,restrain,Rein in,restrain,Control,restrain,Control,restrain
نما,thrive,Grow,Grow,Grow,Grow,Grow,grow,grow,sleep
عاود,echo,Repeat,Repeat,Repeat,Repeat,Repeat,repeat,Repeat,repeat
نحارف,divert,"""Nharref"" translates to ""to confuse"" in English.",We argue.,Argue,to argue,Search,argue,Search,argue
قلا,fry,"""Qella"" translates to ""he said"" in English.",cook,Say,Say,Say,say,Say,say
داب,dissolve,"""داب"" بالدارجة المغربية تعني ""to walk"" بالإنجليزية.",crawl,Walk,crawl,Walk,crawl,Go,crawl
عدّل,edit,Modify,Fix/Adjust/Modify,Modify,to modify,Modify,modify,Modify,modify
جمّع,assemble,Collect,Collect,Collect,to collect,Collect,gather,Collect,gather
خرّب,ruin,Destroy,destroy,Destroy,Destroy,Destroy,destroy,Destroy,destroy
سرّع,accelerate,Speed up,Speed up,Speed,Speed up,Speed,speed,Speed,speed
تصور,envisage,Imagine,Imagine,Imagine,Imagine,Imagine,imagine,Imagine,imagine
هنّأ,congratulate,Congratulate,Congratulate,Congratulate,congratulate,Congratulate,congratulate,Congratulate,congratulate
ستردّ,retrieve,You will reply.,You will return.,To answer,To answer,You will reply.,to return,reply,to answer
هبط,descend,Land,descend,Descend,Descend,Land,land,Land,descend
وڭّف,suspend,Wgaff,To understand,To wash,To understand,Sing,wake up,Sing,inform
جرّب,experiment,Try,Try,Try,Try,Try,try,Try,try
خلع,frighten,To take off,To remove or to take off,Take off,Take off,Take off,remove,Take off,take off
قولب,fool,Mold,mold,Mold,Mold,Say,mold,Change,mold
ألهم,inspire,Inspire,Inspire,Inspire,To inspire,Inspire,inspire,Inspire,inspire
شافا,heal,See,He saw,See,See,See,see,See,see
ضبط,master,Adjust,To adjust/fix/arrange.,Adjust,Adjust,Adjust,control,Adjust,control
كمّل,terminate,Please provide the verb in Darija so I can translate it into English.,Complete,Finish,Complete,Finish,complete,Finish,complete
عدّل,amend,Modify,Adjust,Modify,to modify,Modify,modify,Modify,modify
خدش,scratch,Scratch,To take.,Scratch,Take,Scratch,scratch,Take,take
ستلزم,entail,It will be necessary.,It will be necessary.,Require,require,Require,require,require,require
نفّد,execute,We ran out.,To exhaust/ to deplete,To run out,to exhaust,Run out,to exhaust,Run out,to exhaust
عدم,execute,Not,absence,Not,to avoid,Not,to lack,Avoid,to return
وطّد,consolidate,Strengthened,Strengthen,Strengthen,Strengthen,Strengthen,strengthen,Strengthen,strengthen
دوّر,round,Look for,Search,Search,Search,Search,search,Search,search
عزل,isolate,Isolate,Isolate,Isolate,Isolate,Isolate,isolate,Isolate,isolate
برّر,warrant,Justify,Justify,Justify,Justify,Justify,justify,Justify,justify
ضعّف,weaken,Cut in half,weaken,Weaken,weaken,Double,weaken,Double,weaken
تمشّا,march,Walk,Walk,Walk,walk,Walk,walk,Walk,walk
بغا,desire,Wants,Want,Want,want,Want,want,want,want
وسّع,widen,Expand,Expand,Expand,Expand,Expand,expand,Expand,expand
دردش,chat,Chat,Chat,Chat,Chat,Chatting,chat,Chat,chat
ركب,board,Get on,ride,Install,to ride,Install,install,Install,install
ختارع,invent,Choose,To invent,To invent,To invent,Choose,imagine,Invent,Choose
صنع,manufacture,Make,To make/produce/fabricate.,Make,To make,Make,make,Make,make
سدّ,seal,Block,block/obstruct,Block,block,Block,block,Block,block
راجع,reconsider,Review,Review,Review,review,Review,review,Review,review
مصّ,suck,To suck,Suck,Suck,Suck,Eat,suck,Drink,suck
صوّر,picture,Take a picture.,Take a picture.,Take a picture.,To take a picture,Take a picture,photograph,Take a picture,photograph
صطادم,crash,"""Staadem"" translates to ""collide"" in English.",Hunt,Collide,Collide,Collide,collide,Collide,collide
فرشخ,crash,"""Frshkh"" in Moroccan Arabic means ""to splash"" in English.",To splash,To chat,To splash,Relax,to spread,To dance,To spread
نقل,transport,Move,transfer,Move,move,Move,transfer,Move,transfer
بلوكا,plug,Block,Block,Block,Block,Block,block,Block,block
عيّن,assign,Appoint,Appoint,Appoint,appoint,Appoint,appoint,Appoint,appoint
ستفسر,inquire,Ask,You will inquire.,To ask,to inquire,Ask,inquire,تفسير,inquire
صيّد,trap,Hunt,Hunt,Hunt,hunt,Hunt,hunt,Fish,hunt
دوّر,surround,Look for,Search,Search,search,Search,search,Search,search
تناقش,debate,Discuss,discuss,Discuss,discuss,Discuss,discuss,Discuss,discuss
طوّر,upgrade,Develop,Develop,Develop,Develop,Develop,develop,Develop,develop
زيّن,decorate,Decorate,decorate,Decorate,decorate,Decorate,decorate,decorate,decorate
جمع,accumulate,Collect,Collect/ gather,Collect,to collect,Collect,to collect,Collect,to collect
ستاغلّ,profit,To work.,To work.,To work,To work,Work,work,Work,to work
ورت,inherit,"""Wrte"" doesn't have a direct translation in English. It seems to be a word in Moroccan Arabic dialect that doesn't have an equivalent in English. Can you provide more context or use it in a sentence so I can better understand its meaning and help you translate it?",To plant,To marry,To bring,Eat,bring,Eat,plant
خربق,disrupt,Knock,To flirt,Knock,To flirt,Knock,to flirt,Dance,to jump
خنق,choke,Strangle,strangle,Strangle,strangle,Choke,strangle,Suffocate,strangle
دافع,plead,Push,defend,Defend,defend,Pay,defend,Pay,defend
غمّس,dip,Dip,To immerse or to dip.,Immerse,Dive,Dip,dip,Dip,dip
شتارك,subscribe,"""Shetarek"" translates to ""to choose"" in English.",Participate,Participate,Participate,Participate,participate,Participate,participate
علّم,educate,Teach,teach,Teach,teach,Teach,teach,Teach,teach
طلّق,divorce,Divorce,divorce,Divorce,Divorce,Divorce,divorce,Divorce,divorce
غزل,spin,Flirt,flirt,Flirt,Flirt,Flirt,flirt,Flirt,flirt
شوّش,obscure,Whisper,Whisper,Whisper,Whisper,Gossip,whisper,Whisper,whisper
تسلّل,creep,Sneak,Sneak,Sneak,sneak,Sneak,sneak,Sneak,sneak
حرّف,twist,Distort,Distort,Distort,Distort,Distort,distort,Distort,distort
مزج,blend,Mix,Mix,Mix,mix,Mix,mix,Mix,mix
راجع,revise,Review,Review,Review,review,Review,review,Review,review
نسب,attribute,To attribute,To attribute,To attribute,attribute,Forget,attribute,Forget,forget
نفاجر,explode,To argue or quarrel.,We rebel.,Argue,To provoke,Argue,argue,Argue,argue
سكن,dwell,Live,To live/To reside,Live,to live,live,live,live,live
خفّف,alleviate,Lighten,Lighten,Lighten,Lighten,Lighten,lighten,Reduce,lighten
عالج,remedy,Treat,Treat,Treat,Treat,Treat,treat,Treat,treat
رشد,instruct,Guide,Grow,Guide,Grow,Grow,grow,Guide,grow
تسرّب,spill,leak,leak,Leak,leak,leak,leak,leak,leak
فهم,comprehend,Understand,Understand,Understand,understand,Understand,understand,Understand,understand
رطّب,soften,Moisturize,Moisten,Moisten,Moisten,Moisten,moisten,Moisturize,moisten
شيّر,wave,To drag,Buy,To move,To scratch,Point,sell,Move,choose
سطوكا,stock,Steal,robbery,To steal,Steal,Steal,steal,Steal,steal
وضع,position,Put,put,Put,put,Put,put,Put,put
أمّن,insure,Secure,To secure/protect.,To secure,Believe,Secure,trust,Secure,trust
نخارط,adhere,"""Nkhar9"" translates to ""we negotiate"" in English.",We draw.,To chat,To map,Play,map,Play,to participate
تشبّت,cling,Hold on,cling,Hold on,cling,Hold on,cling,Hold on,insist
ستدعا,summon,You will call.,You will invite.,To call,to call,Call,to call,Call,to call
وڭف,pause,"""وڭف"" بالدارجة المغربية تعني ""ينظر"" في اللغة الإنجليزية.",To stop,To stand,Stand,Watch,stand,Understand,stop
وقف,pause,Stop,stop,Stop,to stop,Stop,stop,Stop,stop
خوا,empty,"""Khwa"" translates to ""eat"" in English.",To want,Go,Want,Want,want,Want,want
رتّب,classify,Arrange,Arrange,Arrange,organize,Arrange,arrange,Arrange,arrange
تحمّل,afford,"To bear, to endure",To bear / to endure / to tolerate,Bear,to bear,Bear,bear,Download,bear
تسمع,sound,Listen,To hear,Listen,to hear,Listen,hear,listen,hear
نقّط,grade,We point.,To dot,To dot,to dot,dot,dot,dot,dot
رجع,revert,Come back,Return,Come back,return,Come,return,Come,return
قيّم,value,Evaluate,Evaluate,Evaluate,Evaluate,Evaluate,evaluate,Evaluate,evaluate
جازا,award,To reward.,Reward,To reward,reward,Pay,reward,reward,reward
كافح,strive,Struggle,Struggle.,Struggle,struggle,Struggle,struggle,Struggle,struggle
بلّغ,notify,Inform,To inform/notify.,Inform,to inform,Reach,reach,report,inform
طفا,turn off,Turn off,Turn off,Turn off,Turn off,Turn off,turn off,Turn off,turn off
ريّح,sit down,Relax,Wind,To relax,To smell,Wind,smell,Relax,smell
غش,cheat,cheat,cheat,Cheating,Cheat,Cheating,cheat,Cheating,cheat
قشّر,peel,Peel,Peel,Peel,Peel,Peel,peel,Peel,peel
