darija,eng,darija_ar
ghanmreD!,I'm going to be sick!,غانمرض!
awlla!,isn't it!,أولّا!
matgolch,Do not say,ماتڭولش
gddach?,how big is it?,ڭدّاش?
kan3tader,I'm sorry,كانعتادر
m39oula,I see!,معقولا
7chouma,It's a shame,حشوما
bslama,Good-bye,بسلاما
mr7ba.,You're welcome.,مرحبا.
Layesser.,Good luck.,لايسّر.
naDi.,Perfect.,ناضي.
kanwa3dek.,I promise.,كانواعدك.
ra2i3.,Excellent.,راإع.
chnahoa?,What?,شناهوا?
yak?,right?,ياك?
SSber...,Patience...,الصبر...
Laa!,Oh no!,لا!
Hmm.,Hmm.,همّ.
katsta799ha.,You deserve it.,كاتستاحقّها.
kayna.,That's true.,كاينا.
m39oula.,fair enough.,معقولا.
wayli?,Really?,وايلي?
ewa?,so?,إوا?
kifach?,Excuse me?,كيفاش?
hania.,No problem.,هانيا.
makrehtch.,I'd love to.,ماكرهتش.
mzyana.,awesome.,مزيانا.
khddama!,It works!,خدّاما!
laa!,Oh no!,لا!
drtha.,I did.,درتها.
3aDim!,Great!,عاضيم!
kantmenna.,I hope so.,كانتمنّا.
kaySoni,It's ringing,كايصوني
fhmt,I see!,فهمت
katmrreDni,You're teasing me,كاتمرّضني
awlla?,Aren't you?,أولّا?
8na!,Here!,هنا!
wakha,OK.,واخا
mttaf9.,I agree.,متّافق.
nchoufouk!,See you!,نشوفوك!
bsse7...,True...,بسّح...
chokran.,Thank you.,شوكران.
mo7alch.,Probably not.,موحالش.
fi3lan!,Indeed!,فيعلان!
ghzalin,They're really cute!,غزالين
ghleTT,I misspoke,غلطّ
wah!,Really?,واه!
mzyan.,All right.,مزيان.
lay3awn,Bye,لايعاون
Tab3an!,Of course!,طابعان!
maghaDerrch,It can't hurt,ماغاضرّش
wakha.,Okay.,واخا.
makanloumekch.,I don't blame you.,ماكانلومكش.
chokran.,Thank you.,شوكران.
fkhbarek?,Do you know?,فخبارك?
mzyan.,All right.,مزيان.
tfou.,Damn.,تفو.
mo7alch,probably not,موحالش
wakha.,Ok.,واخا.
matkhafch!,Don't worry!,ماتخافش!
Thella,Ciao!,طهلّا
wayli!,Really!,وايلي!
oh!,Oh!,أُه!
kanghir!,Jealous!,كانغير!
ghat3jbk?,Would you like it?,غاتعجبك?
mchina!,Let's go!,مشينا!
chokran.,Thank you.,شوكران.
nchoufouk,See you later,نشوفوك
nta!,You!,نتا!
radikali!,Extreme!,راديكالي!
maf8mtch,I didn't understand,مافهمتش
7bibi,my dear,حبيبي
3jbatni,I like her,عجباتني
3jbni,I like him,عجبني
makhddamch,does not work,ماخدّامش
tb3ni,follow me,تبعني
wSlti?,have you arrived?,وصلتي?
yallah,let's go,يالّاه
finahoa?,where is he?,فيناهوا?
chttha,I have seen it,شتّها
ma3rftch,I don't know,ماعرفتش
mllit,I am bored,ملّيت
3yit,I am tired,عييت
ma3mmrni,I have never,ماعمّرني
ahlan!,Hi!,أهلان!
Hmmmm!,Hmmmm!,همّمّ!
3aDim.,Great.,عاضيم.
Safi.,Ok.,صافي.
t8ellaw!,Bye!,تهلّاو!
mzyan.,Good.,مزيان.
wiski?,Whisky?,ويسكي?
sme3ni:,Listen to me:,سمعني:
abadan!,Never!,أبادان!
wayli?,Really?,وايلي?
mzyan.,Fine.,مزيان.
maghanakolhomch.,I won't eat them.,ماغاناكولهومش.
kanDenn.,I suppose so.,كانضنّ.
m39oula.,Fair enough.,معقولا.
maymkench!,No way!,مايمكنش!
momtaz,excellent,مومتاز
3awnoni,help me,عاونوني
tl9na!,Hurry!,تلقنا!
makansm3kch,I can't hear you,ماكانسمعكش
makan7mlouch,I dont like him,ماكانحملوش
makan7mlhach,I don't like it,ماكانحملهاش
mabghitouch,I don't want it,مابغيتوش
mabghithach,I don't want her,مابغيتهاش
3rft,I know,عرفت
kat3jbni,I like her,كاتعجبني
kan7ebbek,I love you,كانحبّك
mazal,not yet,مازال
zga,stop,زڭا
gollia,tell me,ڭولّيا
jrrbo,try it,جرّبو
tb3ni,follow me,تبعني
wSlti?,have you arrived?,وصلتي?
chwia,a few,شويا
chwia,a little,شويا
tfDDel,please come in,تفضّل
hahia,here it is,هاهيا
hanta,here you are,هانتا
hania,it's ok,هانيا
finahia,where it is,فيناهيا
rta7.,chill out.,رتاح.
Aaaaaaah,"Aaaaaaah,",ااااه
bessa7?,Really?,بسّاح?
chokran,Thank you!,شوكران
ma3reftch,I don't know.,ماعرفتش
la,No.,لا
3yit,I'm tired.,عييت
bessa7,true.,بسّاح
bessa7?!,really?!,بسّاح?!
wow!,wow!,ووو!
hhhh!,Haha!,هههه!
bessa7?,Really?,بسّاح?
fhemt.,I understand.,فهمت.
kidayr?,How are you?,كيداير?
S7i7a?,Health?,صحيحا?
kidayr?,How are you?,كيداير?
Salam!,Hello!,صالام!
blfi3l!,Exactly!,بلفيعل!
meziana!,Awesome!,مزيانا!
wakha.,Okay.,واخا.
wakha.,OK.,واخا.
Caputshino?,Cappuccio?,كاپوتسهينو?
wakha.,All right.,واخا.
ayeh!,Yes!,أيه!
jmil.,Beautiful.,جميل.
t9riban.,Almost.,تقريبان.
hak!,Here you go!,هاك!
ma3jbnich.,I don't like it.,ماعجبنيش.
lla!,No!,اللا!
bikhir--dertha!,Great--I did it!,بيخير--درتها!
7orra?,Free?,حورّا?
mrta7a?,Relieved?,مرتاحا?
wakha.,Okay.,واخا.
Poker!,Poker!,پوكر!
Ayeh.,All right.,أيه.
mchina?,Shall we?,مشينا?
3reft.,I know.,عرفت.
ndiroha!,Let's do this.,نديروها!
3jbni,I like it,عجبني
kan39el,I remember,كانعقل
wldi,My son,ولدي
bntek,Your daughter,بنتك
tyye9tek.,I believe you.,تيّقتك.
chb3t,I'm full.,شبعت
finek?,Where are you?,فينك?
nsa.,Forget it.,نسا.
makanDench,I don't think so,ماكانضنش
wajd?,Are you ready?,واجد?
tansteslem.,I give up.,تانستسلم.
onta?,And you?,أُنتا?
onti?,And you?,أُنتي?
kidayra?,How is she?,كيدايرا?
chdakchi?,What is that?,شداكشي?
finahoa?,Where is he?,فيناهوا?
chkonahoma?,Who are they?,شكوناهوما?
nsit.,I forget.,نسيت.
chftha,I've seen it,شفتها
l8i8.,It's over there.,لهيه.
wldo,His son,ولدو
ma3rftch,I don't know,ماعرفتش
3yit,I'm tired,عييت
hania,no worries,هانيا
salam,Hello,سالام
Amricano?,Americano?,أمريكانو?
ow!,Ow!,أُو!
wakha!,Ok then!,واخا!
frask,You know,فراسك
aah.,Sure.,اه.
ah,Yeah.,أه
bssa7.,That's right.,بسّاح.
wSlat.,she has arrived.,وصلات.
ah,Yes,أه
kat3rfhoum?,Do you know them?,كاتعرفهوم?
djaj?,Chickens?,دجاج?
blbayD?,With eggs?,بلبايض?
makaynlach.,Don't be.,ماكاينلاش.
mat9alle9ch.,Don't worry.,ماتقالّقش.
Bsmlah!,In the name of God!,بسملاه!
sma7lia.,Sorry.,سماحليا.
Ah.,Yes.,أه.
hada.,That.,هادا.
mod8ich,Amazing.,مودهيش
t8addan,Calm down.,تهادّان
momkin,It's possible,مومكين
Tab3an,Of course,طابعان
ah!,Ah!,أه!
bSSe7.,True.,بصّح.
sokar?,Sugar?,سوكار?
7lib...?,Milk...?,حليب...?
3ta9!,Help!,عتاق!
sma7liya.,I'm sorry.,سماحلييا.
Ayah,Yes,أياه
arbbi.,"Oh, my God.",أربّي.
Nari.,"Oh, my God.",ناري.
Aie!,Ouch!,أي!
mafhmtch,I don't get it,مافهمتش
Sa7i7.,Right.,صاحيح.
jamil!,Wonderful!,جاميل!
mfrg3!,Fabulous!,مفرڭع!
gollia,Tell me,ڭولّيا
9aT3an!,Absolutely!,قاطعان!
lhamdolilah,Thank goodness,لهامدوليلاه
tsnna!,Wait!,تسنّا!
hanya,It's okay,هانيا
hania,It's okay,هانيا
mn7ous,Bad luck.,منحوس
nne7s,Bad luck.,النحس
ah,Ah.,أه
makandench,I don't think so.,ماكاندنش
Tab3an,Of course,طابعان
yarbi!,Gosh!,ياربي!
tsana....,Wait...,تسانا....
mafhamtch?,i don't follow.,مافهامتش?
oh!,oh!,أُه!
sma7li!,sorry!,سماحلي!
momtaz!,Perfect!,مومتاز!
blaan!,Perfect!,بلان!
hania.,No worries.,هانيا.
3azizi,my dear,عازيزي
wow,wow,ووو
katmrradni,you make me sick,كاتمرّادني
Bjouj!,Both!,بجوج!
Ouch!,Ouch!,وش!
awwalan,First of all,أوّالان
n7awlo?,Shall we try?,نحاولو?
massage?,Massage?,ماسّاڭ?
Oh?,Oh?,أُه?
ah,Yes,أه
sam7na,Sorry,سامحنا
mat9lla9ch!,Don't get upset!,ماتقلّاقش!
tanchkrouk,Thanks,تانشكروك
lmSla7ti?,For my own good?!,لمصلاحتي?
laa,Nah,لا
blaach,Nah,بلاش
3lach?,Why?,علاش?
haha,Haha,هاها
3afak,Please,عافاك
chokran,Thanks!,شوكران
nsito,I forgot about it,نسيتو
ma3rftouch,I don't know it,ماعرفتوش
ma3raft8ach,I don't know it,ماعرافتهاش
mar7aban,You're welcome!,مارحابان
khdmti,My job,خدمتي
rajli,My husband,راجلي
wladi,My children,ولادي
rfaDt8a,I turned it down,رفاضتها
lms2oliya?,Responsibility?,لمسألييا?
Tab3an,Of course it is,طابعان
chokran,Thank you,شوكران
matpanikich,Don't panic,ماتپانيكيش
matkhl3ch,Don't panic,ماتخلعش
matkhal3ich,Don't panic,ماتخالعيش
wayli!,Oh really!,وايلي!
attention,Careful!,أتّنتيون
matti7ch,Don't fall in,ماتّيحش
3lach?,Why?,علاش?
tsanna!,Wait!,تسانّا!
momkin,It might be,مومكين
i9der,It might be,إقدر
ah!,Ah!,أه!
matalan,For instance,ماتالان
wakha,Okay,واخا
sma7lina,sorry,سماحلينا
yalah!,come on!,يالاه!
tl9na!,come on!,تلقنا!
mostach?!,a mustache?!,موستاش?!
achnahoma?,what are they?,أشناهوما?
wakha!,Ok!,واخا!
mttaf9,I agree,متّافق
tsana!,Wait!,تسانا!
chfti,You see,شفتي
kandirha!,I do!,كانديرها!
btab3,Of course,بتابع
wakha!,Ok!,واخا!
law3lm,I don't know,لاوعلم
man3rf,I don't know,مانعرف
chokran!,Thanks!,شوكران!
ok,Ok,أُك
mabghitch!,I refuse!,مابغيتش!
najm,A star,ناجم
najma,A star,ناجما
wakha!,All right!,واخا!
wakha,Ok!,واخا
ta7iyati,Mon plaisir,تاحيياتي
ra2i3,Cool,راإع
m39ol,Reasonable,معقول
momkin,Maybe,مومكين
3lach?,Why?,علاش?
wakha!,All right!,واخا!
mchat!,All right!,مشات!
ra8ib?,Horrible?,راهيب?
kanchof,I see,كانشوف
ah,Yes,أه
3azizi,Oh dear!,عازيزي
hanta,Here you are,هانتا
modhich,Amazing!,مودهيش
mamt2akadch,I'm not sure,مامتأكادش
oh,Oh,أُه
awdiii,"Oh, man.",أوديّي
Tyab?,Cook?,طياب?
momkin,maybe,مومكين
kifach?,what?!,كيفاش?
hanta,There you go,هانتا
bsah,That's right,بساه
matalan,For example,ماتالان
choklat?,Chocolate?,شوكلات?
zhar,Luck!,زهار
mat3raf!,You never know!,ماتعراف!
haha,Haha,هاها
ssbban,Insults,السبّان
tsnnaw,wait,تسنّاو
wakha,All right!,واخا
nchofouk,See you.,نشوفوك
La,no I don't,لا
mota2alli9,brilliant!,موتاألّيق
chb3t.,I'm full.,شبعت.
bSSe77a,To your health,بصّحّا
mbrouk,Congratulations,مبروك
mafhmtch,I don't understand,مافهمتش
ma3rftch,I don't know,ماعرفتش
bch7al?,How much?,بشحال?
chftini,You saw me,شفتيني
machftinich,You didn't see me,ماشفتينيش
makanhtamch,i don't care,ماكانهتامش
machghlich,i don't care,ماشغليش
forchiTa?,A fork?,فورشيطا?
3SSebtini,you made me angry?,عصّبتيني
mat3eSSebnich,don't make me angry,ماتعصّبنيش
matchri8ch,don't buy it,ماتشريهش
mattaklouch,don't eat it,ماتّاكلوش
matcharbouch,don't drink it,ماتشاربوش
kan7esdek,I envy you,كانحسدك
fre7tini,you made me happy,فرحتيني
mansitch,I didn't forget,مانسيتش
mansitkch,I didn't forget you,مانسيتكش
f8emtk,I understand you,فهمتك
kan3ebdek,I worship you,كانعبدك
bghitk,I want you,بغيتك
f8emni,understand me,فهمني
mamt2kkedch,I'm not sure,مامتءكّدش
awili!,what!,أويلي!
maymkench,no way,مايمكنش
ghan7ma9,I'm going crazy,غانحماق
tfare9na,we broke up,تفارقنا
abadan,never,أبادان
kanchejj3ek,I encourage you,كانشجّعك
makanchejj3ekch,I don't encourage you,ماكانشجّعكش
mat3awennich,don't help me,ماتعاونّيش
ghan3a9bek,I'll punish you,غانعاقبك
mat3a9bnich,don't punish me,ماتعاقبنيش
ghlaDiti,you gained weight,غلاضيتي
d3afiti,you lost weight,دعافيتي
khle3tini,you scared me,خلعتيني
bkkitini,you made me cry,بكّيتيني
kan7awel ,I try,كانحاول
ghanzid,I will add,غانزيد
ghanttSewwer,I'll take pictures,غانتّصوّر
jrrebto,I tried it,جرّبتو
mamwellefch,I'm not used to,مامولّفش
kan3e99em,I sanitize,كانعقّم
ghandewwech,I will take a shower,غاندوّش
tbe3ni,follow me,تبعني
8rresto,I broke it,هرّستو
mzeyyit,it's oily,مزيّيت
kanfeddel,I prefer,كانفدّل
bsbabek,because of you,بسبابك
maghanwerrikch,I will not show you,ماغانورّيكش
ghantilicharji8,I will upload it,غانتيليشارجيه
mabghitch,I don't want,مابغيتش
makanTeyyebch,I don't cook,ماكانطيّبش
mal9itoch,I didn't find it,مالقيتوش
9elle3,Guess,قلّع
ma3labalich,I don't know,ماعلاباليش
sffe9,clap your hands,سفّق
berzeTTini,you disturbed me,برزطّيني
matberzTnich,don't disturb me,ماتبرزطنيش
ghan8ajer,I will immigrate,غانهاجر
khanni,he cheated on me,خانّي
kaykhonni,he cheats on me,كايخونّي
macheftekch,I didn't see you,ماشفتكش
b7alach?,Like what?,بحالاش?
bSSa7? ,Really?,بصّاح?
mabi8ch,Not bad,مابيهش
kaybki ,He is crying,كايبكي
kaybtasem,He is smililng,كايبتاسم
kayd7ek ,He is laughing,كايدحك
kaySbben,He does the laundry,كايصبّن
kaydewwech,He takes a shower,كايدوّش
kayberzTni,He is disturbing me,كايبرزطني
makay8emmch,It doesn't matter,ماكايهمّش
ntchawfou,See you,نتشاوفو
matkhafch,Don't worry !,ماتخافش
mabghach,He doesn't want to,مابغاش
mat7errekch,Don't move !,ماتحرّكش
tbe3ni,Follow me,تبعني
f8emt,I got it,فهمت
yalla8!,Come on!,يالّاه!
ma9Sedch,He does not mean it,ماقصدش
mchghoul,He is busy,مشغول
mazal,Not yet,مازال
kanbghik,I love you,كانبغيك
bchwiyya!,Slow down!,بشوييّا!
mtafe9,I agree,متافق
mamtafe9ch,He doesn't agree,مامتافقش
skout,Shut up,سكوت
makay3jbnich,I don't like him,ماكايعجبنيش
fi9!,Wake up!,فيق!
swwelni,Ask me,سوّلني
nod,Get up,نود
staslem,He gives up,ستاسلم
3lach?,Why?,علاش?
chbe3t,I'm full,شبعت
w9ef,Stand up!,وقف
gles!,sit down!,ڭلس!
matbkich,Don't cry,ماتبكيش
mat9aTe3nich,Don't interupt me,ماتقاطعنيش
8anya,That's all right,هانيا
bel3ani,On purpose,بلعاني
3eyye9ti,Enough is enough,عيّقتي
ghber ,Get lost,غبر
s8it,I zoned out,سهيت
kan9ef9ef,I am shaking,كانقفقف
kantre33ed,I am shaking,كانترعّد
3awed,Come again,عاود
9effert8a,I am in a pickle,قفّرتها
tblokiti,You are frozen,تبلوكيتي
ma3reftch,I have no clue,ماعرفتش
ma3ndich ,I don't have it,ماعنديش
makay8emnich,I don't care,ماكايهمنيش
masme3tch,I didn't hear,ماسمعتش
tbel7is,Buttring up,تبلحيس
nNichan,Exacltly,النيشان
serTo,Swallow iit,سرطو
matmedghoch,Don't chew it,ماتمدغوش
makan3eDch,I won't bite,ماكانعضش
t3adelna,We are even,تعادلنا
tab3an,You bet,تابعان
mSa7bin,They are dating,مصاحبين
matgoul8ach,You don't say!,ماتڭولهاش
sber,Hang on!,سبر
berred,Chill out!,برّد
matkhemmemch,Don't sweat it!,ماتخمّمش
matghamerch,Don't put all your eggs in one bascket,ماتغامرش
d7ek!,Smile!,دحك!
tkherbi9,Rubbish!,تخربيق
ma39eltch,I can't remember,ماعقلتش
3adatan,Usually,عاداتان
3oumouman,In general,عومومان
matsewwelnich,Don't ask me,ماتسوّلنيش
sme3,Hear,سمع
katw9e3,It happens,كاتوقع
b7alo,like him,بحالو
chefti?,see?,شفتي?
mat3awed8ach,Don't do it again,ماتعاودهاش
kiTra?,How comes?,كيطرا?
makan7emlouch,I can't stand him,ماكانحملوش
3ellemni,Teach me,علّمني
9errini,Teach me,قرّيني
katsta8el,You deseve it!,كاتستاهل
3te9ni,save me,عتقني
mabghitouch,I don't want it,مابغيتوش
m3a,with,معا
maa,with,ما
m3aya,with me,معايا
maaya,with me,مايا
m3aha,with her,معاها
m3a8a,with her,معاها
m3ahom,with them,معاهوم
m3a8om,with them,معاهوم
m3ahoum,with them,معاهوم
m3a8oum,with them,معاهوم
m3ana,with us,معانا
maana,with us,مانا
m3ah,with him,معاه
m3a8,with him,معاه
maah,with him,ماه
3ndi,I have,عندي
3andi,I have,عاندي
andi,I have,أندي
aandi,I have,اندي
3ndo,he has,عندو
3ando,he has,عاندو
3endo,he has,عندو
aando,he has,اندو
3ndha,she has,عندها
3andha,she has,عاندها
3endha,she has,عندها
3and8a,she has,عاندها
3ndhom,they have,عندهوم
andhoum,they have,أندهوم
aandhom,they have,اندهوم
3andhoum,they have,عاندهوم
3ndna,we have,عندنا
aandna,we have,اندنا
3andna,we have,عاندنا
3endna,we have,عندنا
fia,in me,فيا
fyya,in me,فيّا
fya,in me,فيا
fia,I can,فيا
fyya,I can,فيّا
fya,I can,فيا
fih,in him,فيه
fi8,in him,فيه
fih,he can,فيه
fi8,he can,فيه
fiha,in her,فيها
fi8a,in her,فيها
fiha,she can,فيها
fi8a,she can,فيها
fihom,in them,فيهوم
fi8om,in them,فيهوم
fihoum,in them,فيهوم
fi8oum,in them,فيهوم
fihom,they can,فيهوم
fi8om,they can,فيهوم
fihoum,they can,فيهوم
fi8oum,they can,فيهوم
fina,in us,فينا
fina,we can,فينا
noubti,my turn,نوبتي
nobti,my turn,نوبتي
noubtek,your turn,نوبتك
noubtk,your turn,نوبتك
nobtk,your turn,نوبتك
nobtek,your turn,نوبتك
noubtna,our turn,نوبتنا
nobtna,our turn,نوبتنا
noubtkom,your turn,نوبتكوم
nobtkoum,your turn,نوبتكوم
noubtkoum,your turn,نوبتكوم
noubthom,their turn,نوبتهوم
nobthoum,their turn,نوبتهوم
nobt8om,their turn,نوبتهوم
noubthom,their turn,نوبتهوم
7daya,beside me,حدايا
hdaya,beside me,هدايا
7dak,beside you,حداك
hdak,beside you,هداك
7dah,beside him,حداه
hdah,beside him,هداه
7da8,beside him,حداه
7daha,beside her,حداها
hdaha,beside her,هداها
7da8a,beside her,حداها
7dana,beside us,حدانا
hdana,beside us,هدانا
7dahom,beside them,حداهوم
7dahoum,beside them,حداهوم
7da8om,beside them,حداهوم
hdahoum,beside them,هداهوم
hakka,like this,هاكّا
hokka,like this,هوكّا
8akka,like this,هاكّا
8okka,like this,هوكّا
Safi,alright,صافي
mo7al,not sure,موحال
mou7al,not sure,موحال
mohal,not sure,موهال
mouhal,not sure,موهال
rah,in fact,راه
ra8,in fact,راه
afin,Hi,أفين
afen,Hi,أفن
afine,Hi,أفين
baraka,enough,باراكا
bllati,wait,بلّاتي
blati,wait,بلاتي
bellati,wait,بلّاتي
ballati,wait,بالّاتي
3ibadlah,people,عيبادلاه
ibadlah,people,إبادلاه
lay7fDk,thanks,لايحفضك
lay7afDek,thanks,لايحافضك
lay7fDek,thanks,لايحفضك
lay7afDak,thanks,لايحافضاك
lay7fDk,please,لايحفضك
lay7afDek,please,لايحافضك
lay7fDek,please,لايحفضك
lay7afDak,please,لايحافضاك
laykhllik,please,لايخلّيك
laykhellik,please,لايخلّيك
rdlbal,pay attention,ردلبال
ga3,absolutely,ڭاع
ga3,whatsoever,ڭاع
darija,moroccan dialect,داريجا
ddarija,moroccan dialect,الداريجا
3awttani,again,عاوتّاني
3awdtani,again,عاودتاني
aawttani,again,اوتّاني
3awtani,again,عاوتاني
f,in,ف
ila,if,إلا
sidi,Mr,سيدي
lalla,Mme,لالّا
ssi,Mr,السي
moulay,Mr,مولاي
molay,Mr,مولاي
ah,yes,أه
lla,no,اللا
la,no,لا
3ndi,I have,عندي
aandi,I have,اندي
3endi,I have,عندي
3andi,I have,عاندي
3ndk,you have,عندك
aandak,you have,انداك
3ndk,you have,عندك
3ndo,he has,عندو
aando,he has,اندو
3endo,he has,عندو
3ndha,she has,عندها
aandha,she has,اندها
3nd8a,she has,عندها
3endha,she has,عندها
3ndna,we have,عندنا
aandna,we have,اندنا
3endna,we have,عندنا
3andna,we have,عاندنا
3ndhom,they have,عندهوم
aandhom,they have,اندهوم
3nd8om,they have,عندهوم
3ndhoum,they have,عندهوم
3ndkom,you have,عندكوم
aandkom,you have,اندكوم
3endkom,you have,عندكوم
3ndkoum,you have,عندكوم
mojoud,available,موجود
mojod,available,موجود
kayn,available,كاين
gha+,will,غا+
ghayr,non,غاير
7tta,even,حتّا
htta,even,هتّا
fa9aT,only,فاقاط
ghir,only,غير
gher,only,غر
imkn,could,إمكن
imken,could,إمكن
yemken,could,يمكن
mazal,still,مازال
Tab3an,sure,طابعان
7sen,better,حسن
7ssen,better,حسّن
7san,better,حسان
hsen,better,هسن
yallah,let us,يالّاه
yalla8,let us,يالّاه
chi,some,شي
syyda,lady,سيّدا
syda,lady,سيدا
swa,whether,سوا
smo7at,i am sorry,سموحات
ssmo7at,i am sorry,السموحات
ssmou7at,i am sorry,السموحات
chokran,thank you,شوكران
lhajj,Mr.,لهاجّ
l7ajj,Mr.,لحاجّ
lhajja,Mrs.,لهاجّا
l7ajja,Mrs.,لحاجّا
m3llm,Mr.,معلّم
m3allam,Mr.,معالّام
m3llem,Mr.,معلّم
chrif,Mr.,شريف
chchrif,Mr.,الشريف
chrifa,Mrs.,شريفا
chchrifa,Mrs.,الشريفا
n3amasidi,Mr.,نعاماسيدي
n3amalalla,Mrs.,نعامالالّا
bS77a,cheers,بصحّا
bSe77a,cheers,بصحّا
bSa77a,cheers,بصاحّا
bS7a,cheers,بصحا
srbi,hurry,سربي
serbi,hurry,سربي
sarbi,hurry,ساربي
mazal,not yet,مازال
7bes,stop,حبس
7bs,stop,حبس
gollia,tell me,ڭولّيا
hahoa,here it is,هاهوا
hahowa,here it is,هاهووا
8a8oa,here it is,هاهوا
hahia,here she is,هاهيا
hahya,here she is,هاهيا
8a8ya,here she is,هاهيا
hahoma,here they are,هاهوما
8a8oma,here they are,هاهوما
yallah,just,يالّاه
b7ra,just,بحرا
be7ra,just,بحرا
ba7ra,just,باحرا
yallah,let us go,يالّاه
mchina,let us go,مشينا
yasalam,impressive,ياسالام
berra,outside,برّا
brra,outside,برّا
ssfli,ground floor,السفلي
ssefli,ground floor,السفلي
3Tini,give me,عطيني
akid,sure,أكيد
2akid,sure,أكيد
wakha,ok,واخا
wa5a,ok,واخا
mamsalich,busy,مامساليش
ahlan,hello,أهلان
a8lan,hello,أهلان
2a8lan,hello,أهلان
salam,Hi,سالام
salamo3alaykom,Hello,سالاموعالايكوم
salamo3laikom,Hello,سالاموعلايكوم
mr7ba,welcome,مرحبا
mer7ba,welcome,مرحبا
mar7ba,welcome,مارحبا
merhba,welcome,مرهبا
bikhir,fine,بيخير
bi5ir,fine,بيخير
bslama,goodbye,بسلاما
beslama,goodbye,بسلاما
3afak,please,عافاك
afak,please,أفاك
eafak,please,إافاك
idan,so,إدان
blmonasaba,by the way,بلموناسابا
belmounasaba,by the way,بلموناسابا
blmonaasaba,by the way,بلموناسابا
fhemt,I get it,فهمت
f8emt,I get it,فهمت
fhmt,I get it,فهمت
f8mt,I get it,فهمت
b7alb7al,either way,بحالبحال
ti99en,make sure,تيقّن
ty99en,make sure,تيقّن
Thella,take care,طهلّا
T8ella,take care,طهلّا
Thela,take care,طهلا
Thalla,take care,طهالّا
bsse7!,really!,بسّح!
bSSa7!,really!,بصّاح!
beSSe7!,really!,بصّح!
3la9all,at least,علاقالّ
3ella9ell,at least,علّاقلّ
bss7,really,بسّح
bssa7,really,بسّاح
bssah,really,بسّاه
bsse7,really,بسّح
wah,really,واه
wa8,really,واه
wayli,really,وايلي
waili,really,وايلي
mouldar,husband,مولدار
moulatdar,wife,مولاتدار
Sba7lkhir,good morning,صباحلخير
msalkhir,good evening,مسالخير
hamdolah,thank god,هامدولاه
hamdolilah,thank god,هامدوليلاه
lhamdolah,thank god,لهامدولاه
mtchrrfin,nice to meet you,متشرّفين
metcherrfin,nice to meet you,متشرّفين
mtcharrfin,nice to meet you,متشارّفين
mtcherrfin,nice to meet you,متشرّفين
l3afw,you are welcome,لعافو
l3afow,you are welcome,لعافوو
layesser,good luck,لايسّر
mbrouk,congratulations,مبروك
mebrouk,congratulations,مبروك
mabrouk,congratulations,مابروك
mbrok,congratulations,مبروك
bS77a,your good health,بصحّا
bSS7a,your good health,بصّحا
39balik,I wish the same for you,عقباليك
3o9balik,I wish the same for you,عوقباليك
redlbal,be careful,ردلبال
hania,do not worry,هانيا
nchoufouk,see you,نشوفوك
fkkrni,remind me,فكّرني
fekkerni,remind me,فكّرني
fakkerni,remind me,فاكّرني
tfDDl,please come in,تفضّل
tfDDel,please come in,تفضّل
tfeDDel,please come in,تفضّل
tfaDDal,please come in,تفاضّال
fink,where are you,فينك
finek,where are you,فينك
makaytSenne3ch,cool,ماكايتصنّعش
aji,hey,أجي
moul,possessor of,مول
mol,possessor of,مول
l,the,ل
el,the,إل
al,the,أل
wa7d,a,واحد
wahd,a,واهد
wa7d,an,واحد
wahd,an,واهد
ayy,any,أيّ
akhor,another,أخور
a5or,another,أخور
Tmmer,turning a blind eye,طمّر
myyek,turning a blind eye,ميّك
mataymregch,unashamed,ماتايمرڭش
3llah,randomly,علّاه
blkheff,quickly,بلخفّ
Tal9ha,he is lying,طالقها
tania,second,تانيا
thania,second,تهانيا
d9i9a,minute,دقيقا
daqiqa,minute,داقيقا
da9i9a,minute,داقيقا
sa3a,hour,ساعا
yawm,day,ياوم
youm,day,يوم
nhar,day,نهار
lbar7,yesterday,لبارح
lbare7,yesterday,لبارح
lbareh,yesterday,لباره
lbarh,yesterday,لباره
daba,now,دابا
drok,now,دروك
lyom,today,ليوم
liom,today,ليوم
lioma,today,ليوما
lyoma,today,ليوما
ghdda,tomorrow,غدّا
ghedda,tomorrow,غدّا
ghadda,tomorrow,غادّا
wellbar7,the day before yesterday,ولّبارح
wallbare7,the day before yesterday,والّبارح
wllbare7,the day before yesterday,ولّبارح
simana,week,سيمانا
semana,week,سمانا
ch8r,month,شهر
ch8ar,month,شهار
chher,month,شهر
chhar,month,شهار
3am,year,عام
9rn,century,قرن
9arn,century,قارن
9ern,century,قرن
qarn,century,قارن
tnin,monday,تنين
ttnin,monday,التنين
tlat,tuesday,تلات
ttlat,tuesday,التلات
larb3,wednesday,لاربع
larba3,wednesday,لارباع
larbe3,wednesday,لاربع
lkhmis,thursday,لخميس
l5miss,thursday,لخميسّ
lakhmis,thursday,لاخميس
lekhmis,thursday,لخميس
jm3a,friday,جمعا
jam3a,friday,جامعا
jem3a,friday,جمعا
jjm3a,friday,الجمعا
sbt,saturday,سبت
ssbt,saturday,السبت
sabt,saturday,سابت
ssebt,saturday,السبت
l7d,sunday,لحد
l7ed,sunday,لحد
l7add,sunday,لحادّ
l7edd,sunday,لحدّ
wikand,weekend,ويكاند
lwikand,weekend,لويكاند
weekend,weekend,ويكند
lweekend,weekend,لويكند
yanayir,january,يانايير
yanayr,january,ياناير
fibrayr,february,فيبراير
fibrayer,february,فيبراير
mars,march,مارس
abril,april,أبريل
avril,april,أڤريل
may,may,ماي
yonyo,june,يونيو
yolyoz,july,يوليوز
youlyouz,july,يوليوز
ghocht,august,غوشت
chotanbir,september,شوتانبير
oktoubr,october,أُكتوبر
oktobr,october,أُكتوبر
nowanbir,november,نووانبير
dojanbir,december,دوجانبير
doujanbir,december,دوجانبير
w9t,time,وقت
wa9t,time,واقت
we9t,time,وقت
7aDir,present,حاضير
7aDer,present,حاضر
7aDr,present,حاضر
most9bal,future,موستقبال
mosta9bal,future,موستاقبال
mostaqbal,future,موستاقبال
mostqbal,future,موستقبال
maDi,past,ماضي
maaDi,past,ماضي
llarob,quarter to,اللاروب
llaroub,quarter to,اللاروب
o9sem,five past,أُقسم
oqsem,five past,أُقسم
o9smayn,ten past,أُقسماين
oqsmayn,ten past,أُقسماين
orb3,quarter past,أُربع
orba3,quarter past,أُرباع
oness,half past,أُنسّ
onss,half past,أُنسّ
onass,half past,أُناسّ
osb39sam,thirty five past,أُسبعقسام
9ll9smayn,ten to,قلّقسماين
9ll9sm,five to,قلّقسم
mn,since,من
men,since,من
lil,night,ليل
llil,night,الليل
lile,night,ليل
Sba7,morning,صباح
Sbah,morning,صباه
3chia,evening,عشيا
aachia,evening,اشيا
wstnhar,midday,وستنهار
ftra,period,فترا
fatra,period,فاترا
fetra,period,فترا
magana,clock,ماڭانا
sa3a,clock,ساعا
monasaba,occasion,موناسابا
mounasaba,occasion,موناسابا
monaasaba,occasion,موناسابا
nssa3a,half an hour,نسّاعا
nessa3a,half an hour,نسّاعا
robo3sa3a,quarter of an hour,روبوعساعا
tolotsa3a,twenty minutes,تولوتساعا
toloutsa3a,twenty minutes,تولوتساعا
t3nfij,inconvenience,تعنفيج
t3anfij,inconvenience,تعانفيج
t3enfij,inconvenience,تعنفيج
tbrziT,bother,تبرزيط
tberziT,bother,تبرزيط
tbarziT,bother,تبارزيط
ttbrziT,bother,التبرزيط
twichia,thing,تويشيا
l3iba,thing,لعيبا
l3ayba,thing,لعايبا
l3aiba,thing,لعايبا
l3amala,friend,لعامالا
tbl7is,flattery,تبلحيس
tbel7is,flattery,تبلحيس
tbal7is,flattery,تبالحيس
tbal7iss,flattery,تبالحيسّ
Tnz,mockery,طنز
Tanz,mockery,طانز
Tenz,mockery,طنز
z3fan,angry,زعفان
za3fan,angry,زاعفان
ze3fan,angry,زعفان
ka3i,angry,كاعي
l8imri,hunger,لهيمري
lhimri,hunger,لهيمري
m9rach,tea kettle,مقراش
m9raj,tea kettle,مقراج
mo9rach,tea kettle,موقراش
mo9raj,tea kettle,موقراج
3zzi,black,عزّي
3azzi,black,عازّي
3ezzi,black,عزّي
b7alma8okdaya,like this,بحالماهوكدايا
b7almahokdaya,like this,بحالماهوكدايا
kifmab7almahokdaya,like this,كيفمابحالماهوكدايا
kifmab7alma8okdaya,like this,كيفمابحالماهوكدايا
Tbbouzi,fat,طبّوزي
Tbozi,fat,طبوزي
Tabozi,fat,طابوزي
Tebbozi,fat,طبّوزي
tkhrbi9,nonsense,تخربيق
tkharbi9,nonsense,تخاربيق
tkherbi9,nonsense,تخربيق
tkharbiq,nonsense,تخاربيق
3zwa,man,عزوا
3zawi,man,عزاوي
kbchlaba9ich,fill my cup,كبشلاباقيش
kobchlaba9ich,fill my cup,كوبشلاباقيش
kobbchlabaqich,fill my cup,كوبّشلاباقيش
kobbchlaba9ich,fill my cup,كوبّشلاباقيش
law3lm,i do not know,لاوعلم
llaw3lm,i do not know,اللاوعلم
laho3lm,i do not know,لاهوعلم
lahoa3lam,i do not know,لاهواعلام
brbbi,i swear,بربّي
brebbi,i swear,بربّي
brabbi,i swear,برابّي
awdi,whatever,أودي
awddi,whatever,أودّي
awdi,anyway,أودي
awddi,anyway,أودّي
bz9oul,child,بزقول
bz9ol,child,بزقول
bez9ol,child,بزقول
baz9ol,child,بازقول
chwikkik,a bit,شويكّيك
chwia,a bit,شويا
T8lla,bye,طهلّا
Thalla,bye,طهالّا
T8alla,bye,طهالّا
T8ella,bye,طهلّا
3rram,many,عرّام
3erram,many,عرّام
3arram,many,عارّام
ewa,well,إوا
fchkl,special,فشكل
fchkel,special,فشكل
fchkal,special,فشكال
fchkeel,special,فشكيل
fchkl,peculiar,فشكل
fchkel,peculiar,فشكل
fchkal,peculiar,فشكال
fchkeel,peculiar,فشكيل
gharib,weird,غاريب
sghikkrin,tiny,سغيكّرين
tfrnisa,smile,تفرنيسا
tfernisa,smile,تفرنيسا
tfarnisa,smile,تفارنيسا
bz9oul,baby,بزقول
bz9ol,baby,بزقول
br8och,kid,برهوش
bar8ouch,kid,بارهوش
barhouch,kid,بارهوش
barhoch,kid,بارهوش
tbznisa,deal,تبزنيسا
tbeznisa,deal,تبزنيسا
tbaznisa,deal,تبازنيسا
t8jaj,noise,تهجاج
ta8jaj,noise,تاهجاج
tahjaj,noise,تاهجاج
9oz9oza7,rainbow,قوزقوزاح
9ous9oza7,rainbow,قوسقوزاح
9aws9oza7,rainbow,قاوسقوزاح
3zwa,well done,عزوا
Saa7a,well done,صاحا
m3elem,great job,معلم
wa3r,great job,واعر
mwrre9,noticeable,مورّق
mwerre9,noticeable,مورّق
3wachr,feasts,عواشر
3wacher,feasts,عواشر
naDi,excellent,ناضي
naaDi,excellent,ناضي
8nnina,be quiet,هنّينا
8ennina,be quiet,هنّينا
8annina,be quiet,هانّينا
ml3ouba,feasible,ملعوبا
ml3oba,feasible,ملعوبا
n7ila,swift,نحيلا
hrebt,blow my mind,هربت
lherba,blow my mind,لهربا
hrrbni,blow my mind,هرّبني
jb8a,bold,جبها
jab8a,bold,جابها
jeb8a,bold,جبها
jbha,bold,جبها
snTi7a,bold,سنطيحا
senTi7a,bold,سنطيحا
SnTi7a,bold,صنطيحا
mrigl,tricky,مريڭل
blan,a good deal,بلان
blaan,a good deal,بلان
wakwakk,oh god,واكواكّ
wakwak,oh god,واكواك
makat9chcherch,,ماكاتقشّرش
makat9cherch,,ماكاتقشرش
makat9echerch,,ماكاتقشرش
makat9echcharch,,ماكاتقشّارش
a7,oh,أح
jlakha,bad guy,جلاخا
jla5a,bad guy,جلاخا
tl9na,harry up,تلقنا
tle9na,harry up,تلقنا
tla9na,harry up,تلاقنا
serbina,harry up,سربينا
serbi,harry up,سربي
sarbina,harry up,ساربينا
ahya,oh,أهيا
sat,homie,سات
l3chir,homie,لعشير
3chiri,homie,عشيري
sda3,distubance,سداع
khwadri,brother,خوادري
khawa,brother,خاوا
5wadri,brother,خوادري
5awa,brother,خاوا
khwadria,sister,خوادريا
5wadria,sister,خوادريا
thela,see you,تهلا
thella,see you,تهلّا
t8ala,see you,تهالا
thala,see you,تهالا
lays3dSSaba7,good morning,لايسعدصّاباح
lays3dssaba7,good morning,لايسعدسّاباح
lays3dlmasa,good night,لايسعدلماسا
TTali3a,taunt,الطاليعا
bghina...,we would like to have...,بغينا...
mafhmtch,i don't understand,مافهمتش
man3ref,i don't know,مانعرف
fhamt,i get it,فهامت
bch7al?,how much will it be?,بشحال?
hna,it's that way,هنا
w9af!,stop!,وقاف!
kanb5ik,i love you,كانبخيك
bse7a,cheers!,بسحا
inchaallah,i hope so too,إنشالّاه
b'slama,goodbye,ب'سلاما
"la,5raj",he's out,"لا,خراج"
twadart,i'm lost,توادارت
ghele9t,i ate a lot,غلقت
mat7chmch,don't be shy,ماتحشمش
anrsmk,i will draw a portrait of you,أنرسمك
ant7ewel,i'm moving out,أنتحول
9t3,cross...,قتع
kan3zek,i appreciate you,كانعزك
katlhemni,you inspire me,كاتلهمني
kan3ch9ek,i adore you,كانعشقك
kantfehem,i quite understand,كانتفهم
mat3taderch,don't apologize,ماتعتادرش
mat3esebch,don't be nervous!,ماتعسبش
kaychwiw,they're cooking a barbecue,كايشويو
kised9at,how did it turn out?,كيسدقات
