darija_ar,eng,p1_transl,eng_p1_transl,p2_transl,eng_p2_transl
كلا,eat,Eat,Eat,Refuse,Eat
شرب,drink,Drink,drink,Drink,Drink
دخل,enter,Enter,enter,Enter,Enter
خرج,go out,Go out,go,Leave,Go
فهم,understand,Understand,understand,Understand,Understand
شرح,explain,Explain,Explain,"1. كيسرق
2. Steal",Explain
قرا,learn,Read,Read,Read,Read
قرّا,teach,Read,Read,Read,Read
سمع,hear,Listen,hear,Listen,hear
شاف,see,See,see,See,See
شم,smell,Smell,smell,Smell,Smell
داق,taste,Call,Taste,Eat,Call
قاس,touch,Measure,Measure,Measure,Measure
مشا,go,Go,Go,Go,Go
جا,come,Come,come,Come,come
طلع,ascend,Go out,Go,Go out,Go out
نزل,go down,Go down,To go down,Go down,descend
عام,swim,Spend,to bring,Live,"To announce

announce"
غرق,drown,Drown,drown,Drown,Drown
لبس,wear,Wearing,wear,Wear,wear
سلت,take off,Buy,Ask,Ask,ask
شرا,buy,Buy,Buy,Buy,buy
باع,sell,Sell,sell,Sell,sell
تاوا,bargain,Laughing,to come,Go,wait
كتب,write,Write,write,Write,write
مسح,clean,Wipe,wipe,Clean,Wipe
ضرب,hit,Hit,hit,Hit,hit
تسالم,greet,Greet,to surrender,Thank you,Make peace
عيا,fatigue,Tired,to tire,Go,Tire
تسخسخ,exhaust,Laugh,whisper,Laugh,Shake
ضحك,laugh,Laugh,laugh,Laugh,Laugh
جاب,bring,Bring,bring,Bring,bring
دار,do,Do,to do,Live,"Step 1 - Translate the verb ""دار"" from Moroccan Darija to English: ""to do""
Step 2 - Lemma: do"
ڭال,say,Laugh,go,Go,Go
قال,say,say,say,Say,say
عندو,have,Have.,have,Have,Have
شدّ,get,Pull,pull,Pull,"Tighten

Tighten"
فكّر,think,Think,think,Think,Think
با,want,Go,Come,Go,Go
لقا,find,Find,find,Find,find
عطا,give,Give,Give,Give,Give
خدم,work,Work,Work,Work,Work
عيط,call,Shout,Call,"Shout

Shout",Call
خاسّ,need,Lose,lose,Lose,Lose
حسّ,feel,Feel,Feel,Feel,Feel
ولّا,become,Chill,Leave,Travel,"To turn on

turn"
حطّ,put,Put,Put,Put,Put
عنا,mean,Have,Have,Have,To have
بدا,begin,Start,start,Start,start
خسّ,need,Lose,Lose,Lose,Lose
عجب,like,Like,like,Like,like
عاون,help,Help,Help,Help,Help
عتق,help,Freeing,Free,Free,Free
وجّد,prepare,Find,find,Find,Find
أمن,believe,Secure,Believe,Secure,Believe
حاول,try,Try,try,Try,Try
جرّب,try,Try,Try,Try,Try
سوّل,ask,To tempt,Advise,Sell,Recommend
تفكّر,remember,Think,think,Think,Think
مشا,leave,Go,Go,Go,go
بيّن,show,Show,show,Show,Show
لعب,play,Play,play,Play,play
جرا,run,Run,to run,Run,Run
جرّا,run,Run,run,Run,Pull
قرا,read,Read,Read,Read,Read
بدا,start,Start,start,Start,start
سالا,finish,Ask,ask,Ask,ask
قطّع,cut,Cut,Cut,Cut,Cut
هضر,talk,Speak,speak,Speak,Speak
شكر,thank,Thank,thank,Thank,Thank
بدّل,change,Change,change,Change,change
كمّل,continue,كمّل - Complete,Complete,كمّل - Complete,Complete
فتارض,suppose,Accept,Accept,Accept,Accept
تمنّا,wish,Wish,wish,Wish,wish
تبع,follow,Follow,Follow,Follow,Follow
قبل,accept,Kiss,accept,Kiss,Accept
رفض,reject,Refuse,refuse,Refuse,Refuse
وقع,happen,Fall,fall,Fall,fall
ڭلس,sit down,Laugh,Eat,Eat,swim
ربح,win,Win,win,Win,Win
زاد,add,Increase,increase,Increase,increase
تعلّم,learn,Learn,learn,Learn,Learn
تسنّا,wait,Wait,Wait,Wait,Wait
سيفط,send,Laugh,Jump,Laugh,Jump
حلّ,open,Solve,Solve,Solve,Solve
بنا,build,Build,build,Build,Build
ختار,choose,Choose,Choose,Choose,Choose
وصل,reach,Arrive,arrive,Arrive,arrive
قرّر,decide,Decide,decide,Decide,decide
نشط,enjoy,Activate,Activate,Activate,Activate
تفرّج,watch,Watch,Watch,Watch,Watch
خسر,lose,Lose,lose,"Lose

Lost",lose
تمشّا,walk,Walk,walk,Walk,Walk
كبّر,raise,Grow,grow,Grow,Magnify
تخيّل,imagine,Imagine,imagine,Imagine,Imagine
سبّب,cause,Cause,cause,Cause,Cause
هرّس,break,Mash,Grind,Mash,harass
سمع,listen,Listen,hear,Listen,hear
كبر,grow,Grow,grow,Grow,Grow
مات,die,Die,die,Die,die
توفّا,die,Die,die,Die,Die
زار,visit,Visit,visit,Visit,visit
شجّع,encourage,Encourage,Encourage,Support,"Encourage

Encourage"
حاما,protect,Cooking,Protect,Protect,Protect
نشر,spread,Publish,publish,"Publish

---

نشر - Publish",publish
قتل,kill,Kill,kill,Kill,Kill
صاڭ,drive,Laugh,Stand,Laugh,"To swim

swim"
كدب,lie,Lie,lie,Lie,Lie
تقاجح,argue,Argue,argue,Argue,Argue
حيّد,remove,Avoid,Remove,Remove,Remove
دابز,fight,Dance,Jump,Jump,Jump
عمّر,fill,Live,Build,Live,Build
سافر,travel,Travel,travel,Travel,Travel
حضر,attend,Attend,Attend,Attend,Attend
قسّح,hurt,Laugh,Cut,Laugh,Scratch
عانا,suffer,Suffer,suffer,Suffer,Suffered
زڭل,miss,Laugh,Play,Laugh,mock
عبّر,express,Express,Express,Express,Express
ركّز,concentrate,Focus,Focus,Focus,Focus
لاح,throw,To walk,See,See,To see
صاوب,prepare,Work,Fix,Work,Work
قرا,study,Read,Read,Read,Read
دفع,push,Pay,pay,Pay,Pay
ورّك,press,Dance,Show,Kick,teach
وصل,arrive,Arrive,arrive,Arrive,arrive
صونا,ring,Listen,Hear,Listen,Protect
جمع,collect,Gather,to collect,Collect,gather
هرب,escape,Escape,escape,Escape,Escape
رحّب,welcome,Welcome,Welcome,Welcome,Welcome
عوّل,rely,Trust,Trust,Trust,rely
تاق,trust,Tag,To cut,Tag,Knock
عاود,repeat,Repeat,Repeat,Repeat,"Repeat

Lemma: Repeat"
خطّط,plan,Plan,Plan,Plan,Plan
فرش,reveal,Sweep,spread,Sweep,Spread
أكّد,confirm,Confirm,confirm,Confirm,Confirm
كره,hate,Hate,hate,"Hate

كره - Hate",hate
تجوج,marry,Get married,marry,Get married,Marry
قسم,split,divide,divide,Promise,divide
تبنّا,adopt,Adopt,Adopt,Adopted,adopt
تجاهل,ignore,Ignore,Ignore,Ignore,Ignore
عرّف,define,Define,define,Define,Define
قدّم,introduce,Present,present,Present,present
ترينا,exercise,Show us,Show,Show us,Show
برهن,demonstrate,Prove,prove,Show,prove
قنع,persuade,Convince,convince,Convince,Convince
قلّع,guess,Dig,Pull,Remove,"Uproot

Lemma: Uproot"
صوّت,vote,Vote,Vote,Vote,Vote
نكر,deny,Sleep,Deny,Forget,Deny
خبّا,hide,Hide,Hide,Hide,hide
نجح,succeed,Succeed,succeed,Succeed,Succeed
طلب,demand,Ask,ask,Request,ask
عتارف,recognize,Confess,admit,Confess,Admit
حسب,count,See,Calculate,Translate: To depend,Calculate
نتاما,belong,Laughing,Expect,Sleep,Wait
شكّ,doubt,Thank.,Thank,Believe,Thank.
غنّا,sing,Sing,sing,Sing,sing
نوا,intent,sleep,sleep,Sleep,sleep
برّر,justify,Justify,Justify,Justify,Justify
دافع,defend,Pay,defend,Pay,repel
زعم,dare,Claim,claim,Claim,Claim
تساراح,rest,To go out,Run,Leave,"Step 1: Run
Step 2: Run"
حكم,judge,Judge,rule,Rule,rule
شارك,participate,Participate,Participate,Participate,"Participate

Participate"
غسل,wash,Wash,wash,Wash,wash
لاحض,observe,Notice,Notice,Notice,Notice
خدّم,employ,Work,Work,Work,work
جمع,combine,Gather,to collect,Collect,gather
لحّ,insist,Laugh,Rub,Laugh,Boil
تلاح,jump,Read,Read,Read,Read
طيّب,cook,To be kind.,To cook,Translate: To be kind,To make it good
بكا,cry,Cry,cry,"Cry

Cried",Cry
نعس,sleep,Sleep,sleep,Sleep,to sleep
فاق,wake up,Wake,surpass,Wake up,surpass
جمع,gather,Gather,to gather,Collect,gather
نساحب,withdraw,Withdraw,drag,Pull,Pull
حلّ,resolve,Solve,Solve,Solve,solve
خبر,inform,Tell,to inform,Tell,inform
ستلزم,imply,Require,require,Require,require
تسلّف,borrow,Borrow,borrow,Borrow,borrow
خاطر,risk,Write,Want,Write,Want
سمح,permit,Forgive,Allow,Allow,Allow
سامح,forgive,Forgive,Forgive,Forgive,Forgive
قتارح,propose,Propose,Decide,Propose,advise
حتافل,celebrate,Celebrate,Travel,Celebrate,Travel
ضيّع,waste,Waste,lose,Waste,Lose
غبر,disappear,Leave,Dig,Leave,Cover
توقّع,predict,Expect,expect,Expect,Expect
نڭر,complain,Bite,See,Sleep,Look
قبط,catch,Steal,Steal,Steal,"Steal

Lemma: Steal"
ڭبض,catch,Grab,Take,Grab,Grab
ناض,get up,Get up,stand,Stand up,Stand up
داز,pass,Pass,Pass,Pass,Pass
حبس,stop,Imprisonment,imprison,Imprison,Imprison
قيّد,note,Tie,restrict,Restrict,restrict
ولّف,habituate,Wrap,Wrap,Write,Compose
خلّط,mix,Mix,mix,Mix,Mix
ڭيّد,mislead,Think,restrict,Think,"Restrict

Lemma: restrict"
حرڭ,burn,Laugh,Argue,Run,Fight
حرق,burn,Burn,burn,Burn,Burn
ستاغل,exploit,Enjoy,Work,Enjoy,Work
كما,smoke,Eat,like,Do,come
حدّر,warn,Laugh,Warn,Predict,Warn
باس,kiss,Pass,Pass,Go,"Step 1: Pass

Step 2: pass"
علن,announce,Announce,announce,Declare,announce
ختابر,evaluate,Chat,Experience,Study,Test
تنفّس,breathe,Breathe,breathe,Breathe,breathe
فات,exceed,Pass,Miss,Pass,Missed
صادق,approve,Believe,Believe,Believe,"To be honest

Lemma: Honest"
حتلّ,occupy,Invade,occupy,Occupy,occupy
حرّر,free,Edit,Free,Free,Edit
بتاسم,smile,laughing,Smile,Smile,Smile
حفر,dig,Dig,Dig,Dig,Dig
حتارم,respect,Respect,Respect,Respect,Choose
هدّد,threaten,Threaten,threaten,"Threaten

Root: Threat",Threaten
لغا,cancel,To go,to go,Leave,play
خزن,store,Store,store,Store,store
نضّم,organize,Organize,organize,Organize,organize
نوّر,shine,Illuminate,Illuminate,Illuminate,Illuminate
حلف,swear,Swear,swear,Swear,swear
حلم,dream,Dream,dream,"Dream

حلم - Dream",Dream
صرط,absorb,Drive,walk,Drive,Walk
بلوكا,block,Block,Block,Block,block
ستابق,anticipate,Run,race,Run,outrun
اتهم,accuse,Accuse,accuse,Accuse,"Accuse

Lemma: Accuse"
غوّت,shout,Dance,Scream,Laugh,"To swim

swim"
أتّر,affect,Laugh,Wait,Wait,Wait
رتّب,arrange,Arrange,arrange,Arrange,"Arrange

Lemma: Arrange"
عتاقل,arrest,Laughing,Neglect,Free,Free
نبح,bark,bark,bark,"Bark

Take the translated verb from step 1 and provide only the root verb without explanations.",bark
خان,betray,Bet,to stay,Betrayed,To stay
تحاطّ,bet,Surround,surround,Surround,surround
ختالف,differ,Argue,differ,Argue,"Disagree

Lemma: Disagree"
حتافض,keep,Laugh,convince,Laugh,Clean
طار,fly,Fly,fly,Fly,Fly
بان,appear,See,see,See,Appear
جرّ,pull,Run,drag,Run,Pull
هزّ,lift,Shake,shake,"Shake

Shook",Shake
رجع,return,Come,return,Return,Return
طاح,fall,Fall,fall,Fall,Fall
عرف,know,Know,know,Know,Know
نسا,forget,Forget,Forget,Forget,Forget
وصف,describe,Describe,describe,Describe,describe
ترجم,translate,كيسرق - Steal,Translate,"""كنسرق"" - Steal",Translate
وعد,promise,Promise,promise,Promise,Promise
قلّب,search,Flip,Turn,Turn,flip
حبّ,love,Love,love,Love,Love
عاش,live,Live,live,Live,Live
سكن,live,Live,live,Live,live
خلّص,pay,Finish,Finish,Finish,finish
سدّ,close,Block,block,Block,Block
وقف,stand up,Stop,stop,Stop,stand
ستخدم,use,Use,Use,Use,UseStep 2: use
ستالم,receive,Receive,Receive,Receive,suffer
فشل,fail,Fail,fail,Fail,Fail
سبّ,insult,Insult,to insult,Insult,to hit
شكا,complain,Complain,complain,Complain,complain
فضح,expose,Expose,Expose,Expose,Expose
عتادر,apologize,Apologize,Apologize,"Apologize

Root verb: Apologize","Apologize

Lemma: Apologize"
عنّڭ,hug,Laugh,Answer,Understand,Answer
ندم,regret,Regret,regret,Regret,Regret
عطس,sneeze,Sneezing,sneeze,"Sneeze

Sneeze","Sneeze

Lemma: Sneeze"
كحب,cough,Laugh,To love,Laugh,Love
أجّل,postpone,Postpone,Delay,Postpone,Postpone
تعاون,cooperate,Cooperate,cooperate,Cooperate,Cooperate
تبادل,exchange,Exchange,exchange,Exchange,exchange
قاطع,boycott,Interrupt,Interrupt,Interrupt,Interrupt
تطوّع,volunteer,Volunteer,volunteer,Volunteer,volunteer
تجنّب,avoid,Avoid,Avoid,Avoid,Avoid
همل,neglect,Sleep,To whisper,Sleep,To carry
تلاقا,meet,Meet,meet,Meet,meet
تجسّس,spy,Spying,Spy,Spy,Spy
نتاقم,revenge,Revenge,avenge,Revenge,Revenge
دفن,bury,bury,bury,Buried,bury
غلب,defeat,Win,defeat,Win,Overcome
كان,be,be,be,Was,be
بغا,want,Want,want,Want,want
قدر,can,Can,can,Can,to be able
ڭدّ,can,Laugh,Say,Laugh,to cut
دار,make,House,to do,Live,to do
خدا,take,Take,Take,Take,Take
شاف,look,See,see,See,See
خلّا,let,Let it be,Let.,Leave,Let go
بان,seem,dance,see,See,Appear
تضمّن,include,Include,include,Include,Include
تحرّك,move,Move,move,Move,Move
ضار,turn,Harm,harm,Harm,Harm
عتابر,consider,Consider,consider,Consider,Consider
خلّا,allow,Let it be,Let.,Let it be,Make
تمنّا,hope,Wish,wish,Wish,wish
نتج,produce,produce,produce,produce,produce
بقا,stay,Stay,stay,Stay,stay
شدّ,hold,Pull,pull,Pull,tighten
توقّع,expect,Expect,expect,Expect,Expect
ضمن,ensure,Invite,guarantee,Within,guarantee
هزّ,carry,Shake,shake,"Shake

Shook",shake
عرض,offer,Present,present,Present,Present
دعم,support,Support,Support,Support,Support
هضر,speak,Speak,speak,Speak,speak
دوا,speak,Cure,Bring,Take,cure
قاد,lead,Drive,drive,Drive,drive
بقا,remain,Stay,stay,Stay,stay
وقف,stand,Stop,stop,Stop,stand
وڭف,stand,Listen,Stand,Laugh,stop
قتارح,suggest,Propose,Decide,Propose,Explain
طوّر,develop,Develop,Develop,Develop,Develop
ڭلس,sit,Laugh,Eat,Eat,Eat
ڭادّ,create,Laugh,Return,Go,Return
صاوب,create,Work,Fix,Work,Work
اتفق,agree,Agree,agree,Agree,Agree
طبّق,apply,Apply,Apply,Apply,Apply
كوّن,form,Form,form,Form,Form
زاد,increase,Increase,increase,Increase,increase
لتاحق,join,To search,To search,Study,Investigate
نقّص,reduce,Lack,lack,Lack,"Decrease

Lemma: Decrease"
نقد,save,Critique,criticize,Critique,criticize
تطلّب,require,Request,to request,Request,Request
حقق,achieve,Achieve,Achieve,Achieve,Achieve
حبس,prevent,Imprisonment,imprison,Imprison,Imprison
تعامل,deal,Deal,deal,Deal,deal
تواجه,face,Face,face,Face,Face
غطّا,cover,Cover,Cover,Cover,Cover
طوّر,improve,Develop,Develop,Develop,Develop
مال,tend,Spend,To go,Buy,Go
رسم,draw,Draw,draw,Draw,Draw
تحرّك,act,Move,move,Move,move
عزل,pick,Isolation,Isolate,Isolate,Isolate
ختار,pick,Choose,Choose,Choose,Choose
كلّف,cost,Assign,assign,Assign,Assign
سوا,cost,Do,Do,Do,Do
برهن,prove,Show,prove,Show,prove
وقع,occur,Fall,fall,Fall,fall
تناقش,discuss,Discuss,discuss,Discuss,discuss
ڭابل,maintain,Accept,Accept,Accept,Accept
سالا,end,Ask,ask,Ask,ask
كمّل,end,كمّل - Complete,Complete,كمّل - Complete,Complete
كاين,exist,Exist,have,There is,exist
قصد,seek,Mean,intend,Mean,intend
قلّب,check,Flip,Turn,Flip,Turn
نفع,serve,Benefit,benefit,Do,benefit
قسم,share,Divide,divide,Promise,divide
پارتاجا,share,Share,Share,Share,Share
نشء,establish,Create,to create,Create,"Step 1 - Create

Step 2 - Create"
أسّس,establish,Found,Establish,Established,Found
تحكّم,control,Control,control,Control,Control
جاوب,answer,Answer,answer,"1. كْتَسْمَع
2. Listen",Answer
حدّد,identify,Choose,determine,Identify,Identify
عتانا,care,Laugh,Argue,Laugh,Argue
مكّن,enable,Enable,enable,Enable,Enable
طالب,claim,Study,to ask,Study,"Step 1:
Student

Step 2:
Study"
كسب,obtain,Win,earn,Win,Earn
متّل,represent,imitate,To imitate,imitate,imitate
تضمّن,contain,Include,include,Include,Include
غلب,beat,Win,To defeat,Win,To defeat
تشطن,worry,Cooking,To swim,Eat,Shake
تحمّل,bear,Bear,bear,Bear,bear
سدّ,shut,Block,block,Block,Block
تساءل,wonder,Wonder,wonder,Wonder,wonder
ناسب,fit,Match,Fit,Match,Fit
تعلّق,regard,Hang,hang,Hang,Hang up
حطّ,place,Put,Put,Put,Put
شمل,involve,Smell,Include,Kiss,Include
اتصل,contact,Call,call,Call,Call
فتارض,assume,Accept,agree,Accept,Accept
أشار,indicate,Point,point,Pointed,indicate
خدم,operate,Work,Work,Work,Work
تصرّف,manage,Behave,behave,Behave,behave
تأقلم,cope,Adapt,Adapt,Adapt,Adapt
حدّد,determine,Choose,determine,Identify,"Identify

Identify"
عكس,reverse,Oppose,reverse,Oppose,"Reverse

Lemma: Reverse"
أشار,refer,Pointed,point,Pointed,indicate
ربح,gain,Win,win,Win,Win
فحص,examine,Check,examine,Check,Examine
فضّل,prefer,Prefer,prefer,Prefer,prefer
عتارف,admit,Confess,Admit,Confess,acknowledge
ردّ,respond,Answer,to reply,Answer,Reply
جاوب,respond,Answer,Answer,"ماشي، الفعل اللي عندي هو ""كْتَبْ""، شكون؟",Answer
عتامد,depend,depend,rely,Trust,rely
نجا,survive,Survive,escape,Survive,escape
لاحض,notice,Notice,Notice,Notice,Notice
نتج,result,produce,produce,produce,Produce
بدّل,replace,Change,change,Change,change
كمّل,complete,كمّل - Complete,Complete,كمّل - Complete,Complete
رتافع,rise,Laugh,Elevate,"Climb

Root verb: Lift",Elevate
قدّم,present,Present,present,Present,present
نشء,arise,Create,to create,Create,Create
أشار,point,Point,point,Pointed,indicate
روّج,promote,Promote,Advertise,Promote,Advertise
شجّع,promote,Encourage,Encourage,Support,Encourage
أدى,perform,Perform,perform,Perform,perform
مدّد,extend,Extend,Extend,Extend,Extend
أشار,mention,Point,point,Pointed,indicate
ختالف,vary,Argue,differ,Argue,"Disagree

Lemma: Disagree"
فاد,benefit,Help,help,Help,Help
عالج,treat,Treat,Treat,"Treat

Treat",Treat
علّق,hang,Hang,Hang,Comment,Hang
طيّح,drop,Fall,Fall,Fall,Fall
بلّغ,report,Inform,reach,Inform,inform
صبّ,cast,Pouring,Pour.,"Pour يصبّ، الجذر هو ""pour""",Pouring
ختابر,test,Chat,Test,Study,Test
أمّن,secure,Secure,Believe,Secure,Believe
طوّل,last,To lengthen,Lengthen,Lengthen,Lengthen
وافق,match,Agree,agree,Agree,Agree
قدّر,assess,Appreciate,estimate,Appreciate,Appreciate
ساهم,contribute,Contribute,help,"Contribute

Contribute",contribute
مدّ,supply,Stretch,Extend,Extend,stretch
علن,state,Announce,announce,Declare,announce
قدّر,appreciate,Appreciate,estimate,Appreciate,"Estimate

Estimate"
رتابط,relate,Link,Communicate,Link,Interact
تغلّب,overcome,Overcome,overcome,Overcome,Overcome
تخلّص,rid,Finish,Get rid of,Finish,"Get rid of

Step 2:
Get"
حاول,attempt,Try,try,Try,Try
حتافض,retain,Laugh,convince,Laugh,Clean
تكلّف,handle,Cost,Cost,Cost,undertake
جدب,attract,Steal,Pull,Steal,To pull
ساعد,assist,Help,help,Help,help
عاون,assist,Help,help,Help,Help
أتّر,influence,Laugh,Wait,Wait,Wait
حدّد,mark,Choose,determine,Choose,"Identify

Identify"
فكّر,recall,Think,think,Think,Think
سينا,sign,Laughing,Teach,Go,Drive
خاف,fear,Fear,fear,Fear,Fear
لصق,stick,Paste,Paste,Paste,Paste
سوّا,settle,Do,To do,Do,Do
ريڭل,settle,Dance,Dance,Laugh,Laugh
قارن,compare,Compare,compare,"Compare

Next, take the translated verb from step 1 and provide only the root of the translated verb without any explanations.",Compare
حسب,account,Watch,Calculate,See,Calculate
حقّق,investigate,Achieve,Achieve,Achieve,Achieve
نقّا,clear,Clean,Clean,Clean,Clean
سجّل,record,Register,register,Register,Register
شجّل,record,Encourage,Register,Encourage,Register
كتاشف,explore,Discover,Discover,Discover,discover
لام,blame,Refuse,To learn,Eat,Hit
عبر,cross,Pass,Express,Pass,Express
عاق,realize,Disobey,disobey,Disobey,disobey
ركّز,focus,Focus,Focus,Focus,Focus
وصّل,deliver,Arrive,arrive,Connect,Connect
شرع,proceed,Start,begin,Start,begin
زعج,bother,Annoy,annoy,Annoy,bother
برزط,bother,Dance,To iron,Laugh,Knock
رفض,refuse,Refuse,refuse,Refuse,Refuse
فرض,force,Impose,impose,Impose,impose
عتاقد,reckon,Believe,Think,Believe,think
عزم,intend,Invite,intend,Invite,determine
نصح,advise,Advise,advise,Advise,Advise
كتاسب,acquire,Earn,Earn,Work,Earn
سترجع,recover,Return,return,Return,return
نشء,generate,Create,grow,Create,Create
تميّز,distinguish,Distinguish,distinguish,"Distinguish

Distinguish",distinguish
شتابه,suspect,To chat,hurry,Run,Hurry
كسب,earn,Win,earn,Win,Earn
موّل,finance,Fund,Fund,Fund,"Finance

Lemma: Finance"
هدم,destroy,Destroy,destroy,Destroy,demolish
تبع,pursue,Follow,Follow,Follow,Follow
علّق,comment,Hang,Hang,Comment,Hang
رضا,satisfy,Acceptance,agree,Accept,satisfy
تنافس,compete,Compete,compete,Compete,Compete
قاوم,resist,Resist,resist,"Resist

قاوم - Resist",Resist
لاءم,suit,Fit,Fit,Fit,Fit
خاطب,address,Address,address,Speak,Propose
حلّ,solve,Solve,Solve,Solve,solve
بدّل,alter,Change,change,Change,change
فرض,impose,Impose,impose,Impose,impose
عرض,display,Present,present,Present,Present
ناشد,appeal,Appeal,request,Request,Appeal
طلق,release,Divorce,Divorce,Divorce,Divorce
فرز,sort,Sort,Sort,Sort,Sort
رتّب,sort,Arrange,arrange,Arrange,arrange
ختار,select,Choose,Choose,Choose,Choose
عبر,measure,Pass,Express,Pass,Express
وصّا,recommend,Advise,advise,Advise,advised
طلب,order,Ask,ask,Request,ask
أمر,order,Order,order,Order,command
نقل,transfer,Move,move,Transfer,Transfer
هجم,attack,Attack,attack,Attack,Attack
توسّع,expand,Expand,expand,Expand,Expand
تكركب,roll,Ride,ride,Ride,"Step 1 - Ride
Step 2 - Ride"
نفاجر,burst,Argue,Argue,Rebel,Rebel
تعهّد,undertake,Commit,commit,Commit,Undertake
تساراح,relax,To walk,Run,Sleep,"Step 1: Run
Step 2: Run"
تصرّف,behave,Behave,behave,Behave,behave
دكّر,remind,Remind,Remind,Remember,Remind
فكّر,remind,Think,think,Think,Think
راجع,review,Review,review,Review,review
نهج,approach,Drive,guide,Drive,guide
رجّع,restore,Return,return,Return,Return
صدر,issue,Cook,To release,Cook,Issue
صاڭ,ride,Laugh,Wake,Laugh,to swim
شكّل,constitute,Shape,Form,Form,Form
ڭلب,switch,Steal,Ask,Eat,to eat
درّب,train,Train,Train,Train,Train
ستتمر,invest,To pass,Continue,Pass by,study
خطا,step,Write,Write,Translate: Make a mistake.,Make
حدّ,limit,Limit,speak,Limit,limit
وضّح,illustrate,Explain,clarify,Explain,Clarify
ملك,own,Own,have,Own,Own
عالج,tackle,Treat,Treat,"Treat

الجذر: Treat",Treat
تحدّا,challenge,Challenge,Challenge,Challenge,Challenge
شاف,view,See,see,See,See
ملك,possess,Own,have,Own,Own
حاور,communicate,Interview,speak,Interview,Interview
تسلّق,climb,Climbing,climb,Climb,Climb
فصل,separate,Quit,to separate,Disconnect,"To fire

Lemma: fire"
حافض,preserve,Keep,Remember,Keep,Keep
نفّد,implement,Run out,to exhaust,Run out,"Deplete

Deplete"
حوّل,shift,Transform,Convert,Convert,Convert
أقرّ,acknowledge,Read,acknowledge,Read,Acknowledge
ستنتج,conclude,Produce,produce,Produce,Produce
تيرا,shoot,Laughing,Throw,See,throw
متاتل,comply,Laugh,Die,Wait,Avoid
حسّن,enhance,Improve,improve,Improve,Improve
راقب,monitor,Watch,Watch,Watch,Watch
ڭابل,monitor,Accept,Accept,Accept,Accept
شرا,purchase,Buy,Buy,Buy,Buy
شارجا,charge,Charge,Charge,Charge,Charge
بحت,research,Search,search,Search,searched
بغا,aim,Want,want,Want,want
ستوعب,accommodate,Understand,Understand,Understand,Understand
شطح,dance,Daydream,Daydream,Daydream,Daydream
فاق,wake,Wake,Wake,Wake up,surpass
صلّا,pray,Pray,Pray,"Pray

Pray",Pray
دوّر,telephone,Search,Search,Search,Search
ماركا,score,Laugh,Mark,Write,Mark
زلق,slip,Slip,slip,Slip,Slip
رتاكب,commit,Commit,ride,Commit,Commit
كشف,detect,Reveal,reveal,reveal,reveal
ستبعد,exclude,Remove,remove,Leave,Remove
عدر,excuse,Apologize,apologize,Apologize,Return
فسّر,interpret,Explain,interpret,Translate,Explain
نشر,publish,Publish,publish,Publish,publish
لاقا,link,Find,find,Find,find
تفاوض,negotiate,Negotiate,negotiate,Negotiate,Negotiate
حلّل,analyze,Solve,Analyze,Solve,Analyze
سمّا,name,Listen,Hear,Fly,Call
متدّ,stretch,Laugh,Stand,Wait,to stretch
تقلّق,upset,Worry,worry,Worry,worry
أهّل,qualify,Prepare,Prepare,Prepare,Prepare
خسّر,damage,Lose,lose,Lose,lose
طلق,launch,Divorce,Divorce,Divorce,Divorce
صبغ,paint,Dye,dye,"Dye

Dye",Dye
حدّد,specify,Choose,determine,Choose,Identify
منح,grant,Give,give,Give,grant
سلّف,lend,Lend,Lend,"Lend

Root verb: lend",lend
بنا,construct,Build,build,Build,Build
تفاعل,react,React,Interact,React,Interact
ستاحق,deserve,Deserve,Deserve,Deserve,Deserve
ستاهل,deserve,Deserve,Deserve,"Deserve

ستاهل - Deserve",Deserve
ترأس,head,Preside,to preside,Lead,Lead
وجّه,direct,Direct,direct,Direct,direct
هبط,land,Descend,descend,Descend,Descend
قاد,conduct,Drive,drive,Drive,drive
تكبّد,sustain,Suffer,Incur,Lose,Incur
سيفط,submit,Laugh,Jump,Laugh,Jump
تكوّن,consist,Form,form,Form,Form
عصف,blow,Sweep,sweep,Sweep,Sweep
رشد,guide,Guide,Grow,Guide,Grow
قنع,convince,convince,convince,convince,Convince
مارس,practice,Practice,Practice,Do,practice
قوّا,strengthen,Strength,strengthen,Strengthens,strengthen
دقّ,knock,Knock,Knock,Knock,Knock
عرض,invite,Present,present,Present,Present
تخلّا,abandon,Leave,Leave,Leave,Leave
جاوب,reply,Answer,answer,"ماشي، غادي نديك الفعل. الفعل بالدارجة المغربية هو: ""كْتْبْ""",Answer
حرّك,shake,Move,Move,Move,Move
صلح,fix,Fix,repair,Fix,repair
تضاهر,pretend,Pretend,pretend,"Pretend

Pretend","Pretend

Lemma: Pretend"
شاور,consult,Shower,consult,Consult,Consult
قسم,divide,Divide,divide,Promise,divide
نخارط,engage,Laugh,Dig,Laugh,Dig
حقّق,fulfill,Achieve,Achieve,Achieve,Achieve
حكم,rule,Judge,rule,Rule,rule
عالج,process,Treat,Treat,"Treat

الجذر: Treat",Treat
جاب,fetch,Bring,bring,Bring,Bring
نقل,convey,Move,move,Transfer,transfer
جسّد,incorporate,Embodiment,embody,Translate: embody,embody
حصر,restrict,Restrict,restrict,Limit,restrict
ستبعد,eliminate,To banish,remove,Leave,Remove
زوّل,eliminate,Download,Wash,Download,"To marry

Lemma: marry"
لغا,eliminate,To go,to go,Leave,to go
حوّل,convert,Transform,Convert,Convert,Convert
تقاعد,retire,Retire,retire,Retire,Retire
ضبط,adjust,Adjust,Adjust,Adjust,"To arrest

arrest"
عدّل,adjust,Modify,modify,Modify,Modify
سهّل,ease,Facilitate,Facilitate,Facilitate,Facilitate
كبّ,pour,To eat,to pour,Laugh,"Pour

Lemma: Pour"
صبّ,pour,"Pour traduire le verbe ""صبّ"" en anglais, on utilise le mot ""pour"".",Pour.,"Pour يصبّ، الجذر هو ""pour""","Pour
"
نسج,knit,Weaving,weave,Weave,weave
دعم,back,Support,Support,Support,Support
طراسا,trace,To swim,Swim,Dig,Dig
سجّل,register,Register,Register,Register,register
حسب,calculate,According to,Calculate,Translate: To depend,Calculate
حفّز,stimulate,Motivate,Motivate,Motivate,Motivate
طبع,print,Print,Print,Print,print
إمپريما,print,Impress,To prioritize,Buy,Empower
توتّر,stress,Stress,Tense,Tense,Tense
عيّن,appoint,Appoint,Appoint,Appoint,Appoint
تدخّل,interfere,Intervene,intervene,Intervene,intervene
عتارض,object,Oppose,oppose,Argue,Contradict
قوّا,boost,Strength,strengthen,strengthen,strengthen
يسّر,facilitate,facilitate,facilitate,Facilitate,Facilitate
سهّل,facilitate,Facilitate,Facilitate,Facilitate,Facilitate
حتاج,lack,Need,need,Need,need
حبس,cease,Imprisonment,Imprison,Imprison,Imprison
نفّد,enforce,Run,to exhaust,Run out,"Deplete

Deplete"
تأقلم,adapt,Adapt,Adapt,Adapt,Adapt
عڭد,tie,Laugh,agree,Laugh,argue
قتابس,quote,Quote,Quote,quote,subscribe
سيطر,dominate,Control,control,Control,dominate
فرڭع,pop,Jump,Jump,Jump,Jump
عجب,please,Like,like,Like,like
صمّم,design,Design,Design,Design,Design
تدخّل,intervene,Intervene,intervene,Intervene,"Intervene

Intervene"
طلّع,yield,Go up,To go out,Go up,"Step 1 - Translate the verb ""طلّع"" from Moroccan Darija to English: ""to go out""

Step 2 - Lemma: go"
ستاقل,resign,Drive,miss,Miss,miss
تهجّا,spell,Laugh,sing,Speak,pronounce
حرّك,stir,Move,Move,Move,Move
خصّص,spare,Allocate,dedicate,Allocate,dedicate
قدّر,estimate,Appreciate,estimate,Appreciate,"Estimate

Estimate"
ضرب,kick,Hit,hit,Hit,hit
ركل,kick,Kick,kick,Kick,Kick
عدّد,list,Count,Count,Count,enumerate
لبس,dress,Wearing,wear,Wear,wear
علن,declare,Announce,announce,Declare,announce
ديكلارا,declare,Declare,Declare,Declare,declare
أكّد,assure,Confirm,confirm,Confirm,Confirm
ستامدّ,derive,Chilling,Understand,Support,Support
دخل,access,Enter,enter,Enter,enter
أجّل,delay,Delay,Delay,Delay,Postpone
وضّح,clarify,Explain,clarify,Explain,Clarify
نقل,copy,Move,move,Transfer,transfer
نسخ,copy,Copy,copy,Copy,Copy
فضّل,favor,Prefer,prefer,Prefer,prefer
مدّ,hand,Stretch,Extend,Extend,Stretch
قبط,capture,Steal,Steal,Steal,"Steal

Lemma: Steal"
عزّز,reinforce,Strengthen,strengthen,Strengthen,strengthen
حوّل,transform,Transform,Convert,Convert,Convert
فهم,perceive,Understand,understand,Understand,Understand
خدم,function,Work,Work,Work,Work
غادر,quit,Leave,leave,Leave,leave
رافق,accompany,Accompany,Accompany,Accompany,Accompany
موّل,fund,Fund,Fund,Fund,Finance
جمع,pack,Gather,to collect,Collect,gather
صحّح,correct,Correct,Correct,Correct,Correct
أبحر,sail,Sail,Sail,Sail,Sail
عوّض,compensate,Substitute,Replace,Replace,Replace
سرق,steal,Steal,steal,Steal,Steal
شفر,steal,See,See,See,Unlock
قوّض,undermine,Undermine,Undermine,Undermine,Undermine
متدّ,range,Laugh,To stretch,Wait,resist
عارض,oppose,Oppose,oppose,Oppose,Oppose
حدّد,locate,Choose,determine,Identify,Identify
زرب,hurry,Slap,Hit,Kick,"Slap

Lemma: Slap"
نشر,broadcast,publish,publish,Publish,publish
قاضا,sue,Judge,judge,Judge,judge
ميزا,bid,Dance,Differentiate,Differentiate,distinguish
ضوّا,light,Shine,Light,Light,Illuminate
تباطأ,slow,Slow down,slow,Slow down,"Step 1: Slow down
Step 2: Slow"
همّ,concern,Laugh,To do,Laugh,"To whisper

Whisper"
رفض,dismiss,Refuse,refuse,Refuse,Refuse
صلح,repair,Fix,repair,Fix,repair
طابق,conform,Cook,To floor,"Climb

Climb",to match
ربط,attach,Connect,tie,Connect,connect
زرّب,rush,Dance,To visit,Close,To visit
غرق,sink,Drown,drown,Drown,"Drown

Drown"
نتازع,grab,Argue,argue,Argue,argue
كالما,calm,Speak,speak,Speak,speak
حتجّ,protest,Laugh,Need,Need,need
وازن,balance,Balance,balance,Balance,Balance
طلب,beg,Ask,ask,Request,Request
تبّت,install,Establish,Establish,Fix,Establish
طوّر,advance,Develop,Develop,Develop,Develop
طرد,fire,Kick,expel,Dismiss,"Expel

Lemma: Expel"
عاون,aid,Help,Help,Help,Help
تدفّق,flow,Flow,flow,Flow,Flow
جرّ,drag,Walk,drag,Run,Pull
تطابق,correspond,Match,match,Match,Match
شكّل,pose,Shape,form,Form,Form
تعجب,admire,Impress,wonder,Like,wonder
خفّف,relieve,Lighten,Lighten,Lighten,Lighten
دابز,combat,Dance,Jump,Jump,Jump
ندامج,integrate,Mix,Merge,Regret,"Integrate

Integrate"
ماتّافقش,disagree,Disagree,disagree,Disagree,Disagree
اتصل,connect,Call,call,Call,Call
حيّن,update,Laughing,Remember,Laugh,Guide
غيّر,modify,Change,Change,Change,Change
ختار,opt,Choose,Choose,Choose,Choose
أمر,command,Order,order,Order,command
متاتل,obey,Laughing,Die,Laugh,Avoid
ستخرج,extract,Go out,to go out,Leave,Go out
عارض,counter,Show,oppose,Oppose,oppose
ستأنف,resume,Resume,resume,Resume,resume
شدّ,grasp,Pull,pull,Pull,Tighten
ستوعب,grasp,Understand,Understand,Understand,Understand
تزعلل,swing,Get angry,Get angry,Get angry,Get angry
سلّم,render,Submit,deliver,Deliver,hand over
زرب,speed,Slap,Hit,Hit,Slap
واجه,confront,Face,Face,Face,face
منع,ban,Prohibit,prevent,Prohibit,"Prevent

Prevent"
مسح,wipe,Wipe,wipe,Clean,Wipe
ضوبل,double,Laugh,Hit,Hit,Hit
شتامل,comprise,Insult,Understand,Think,Insult
شهد,witness,Witness,to witness,Witness,Witness
غرس,plant,Plant,plant,Plant,plant
جزم,assert,Dance,decide,Dance,decide
كشف,disclose,Reveal,reveal,reveal,"Reveal

Lemma: Reveal"
عصر,squeeze,squeeze,squeeze,Cook,squeeze
بجغ,squeeze,Laugh,Bark,Laugh,Argue
ربط,bind,Connect,tie,Connect,Connect
ضرّ,harm,Harm,Harm,Harm,Harm
أدا,harm,Sing,pay,Go,perform
تلاقا,encounter,Meet,meet,Meet,meet
طلب,request,Ask,ask,Request,Request
عانا,struggle,Suffer,suffer,Suffer,Suffered
خدّم,hire,Work,Work,Work,Work
خبّا,conceal,Hide,Hide,Hide,hide
خدّم,recruit,Work,Work,Work,Work
سرح,wander,Daydream,Travel,Dream,Daydream
شدّد,emphasize,Strengthen,strengthen,Emphasize,emphasize
عبر,weigh,Pass,Express,Pass,express
وزن,weigh,Weigh,to weigh,Weigh,Weigh
تزامن,coincide,coincide,coincide,"Synchronize

زامن",coincide
حنا,bend,We.,Go,We,"Step 1 - We will translate ""حنا"" from Moroccan Darija to English, which is ""we are"".
Step 2 - ""are"""
تنا,bend,Laugh,sing,Eat,sing
نضّم,regulate,organize,organize,Organize,"Organize

Lemma: Organize"
نقد,rescue,Critique,criticize,Critique,criticize
رفّه,entertain,Relax,Relax,Relax,"Relax

Lemma: Relax"
توقّع,forecast,Expect,expect,Expect,Expect
فحص,inspect,Check,examine,Check,Examine
صدّر,export,Export,Export,Export,Export
لحّ,urge,Laugh,Rub,Laugh,Boil
ستنتج,induce,Produce,produce,Produce,produce
سدّ,lock,Block,block,Block,block
عرض,exhibit,Present,present,Present,Present
سخّن,warm,Heat,speak,Heat,Speak
دفّا,warm,Warm,Warm,Warm,Warm
عتارف,confess,Confess,admit,Confess,acknowledge
سمح,forgive,Allow,Allow,Allow,Allow
طمّر,tolerate,Bury,bury,"Bury

Root verb: Bury",Bury
تسلّق,mount,Climbing,climb,Climb,Climb
مسح,brush,Wipe,wipe,Wipe,Wipe
نتج,reproduce,produce,produce,produce,Produce
خضع,undergo,Submit,submit,Submit,submit
بهر,impress,Surprise,sell,Impress,to sell
نخافض,decline,Lower,Lower,Reduce,Lower
فرك,rub,Rub,Rub,Rub,Rub
وكّل,cater,Delegate,entrust,Delegate,delegate
دار,tour,House,to do,Live,"Step 1 - Translate ""دار"" to English: ""to do""
Step 2 - Lemma: ""do"""
وزّع,distribute,Distribute,distribute,"Distribute

Distribute","Distribute

Lemma: Distribute"
حسّ,sense,Feel,Feel,Feel,Feel
خلّص,repay,Finish,Finish,Finish,Finish
رجّع,regain,Return,return,Return,Return
ستعاد,regain,To repeat,repeat,Restore,replay
قلّل,minimize,Reduce,reduce,Reduce,Reduce
وقّف,halt,Stop,stop,Stop,stop
شكّل,shape,Shape,form,Form,Form
زعج,disturb,Annoy,annoy,Annoy,"Annoyed

Lemma: Annoy"
عضّ,bite,Bite,Bite,Bite,"Bite

Lemma: Bite"
تقدّم,progress,present,to offer,Present,advance
كرّس,devote,Devote,Consecrate,Devote,dedicate
ستافزّ,provoke,Chilling,to increase,Win,increase
طمأن,reassure,Assure,Assure,Assure,Assure
تأمّل,contemplate,Contemplate,Contemplate,Reflect,Reflect
حدّر,alert,Laugh,Warn,Predict,Warn
تفاعل,interact,React,Interact,React,Interact
سخّن,heat,Heat,speak,Heat,Heat
بتاكر,devise,Eat,Eat,Eat,remember
حكم,govern,Judge,rule,Rule,rule
عانق,embrace,Hug,Hug,Hug,Hug
عزّا,comfort,Cry,Honor,Laugh,console
حجز,seize,Book,Book,Book,book
دوّب,melt,Dance,Melt,Translate: To clean,Write
زاد,supplement,Increase,increase,Increase,increase
تكّا,lean,Laugh,Stand,Go,Wait
طبّق,exert,Apply,Apply,Apply,Apply
حتارس,beware,Guard,Watch,Guard,"Watch out

Step 2: Watch"
تشابه,resemble,Resemblance,resemble,Resemble,resemble
منع,abolish,Prohibit,prevent,Prohibit,prevent
هرّس,crack,Mash,Grind,"Grind

Grind","Grind

Lemma: Grind"
قمع,suppress,Suppress,suppress,Suppress,suppress
ڭابل,guard,Accept,Accept,Accept,Accept
فاجأ,surprise,Surprise,Surprise,Surprise,Surprise
تردّد,hesitate,Hesitate,hesitate,Hesitate,hesitate
شحن,load,Recharge,Charge,"Recharge

Root verb: Charge",Charge
سرط,swallow,Laugh,Run,Laugh,"To steal

Steal"
بدا,initiate,Start,start,Start,start
أتّر,effect,Laugh,Wait,Wait,Wait
تحكّم,manipulate,Control,control,Control,Control
ردع,deter,Deter,Deter,Deter,Deter
رتابط,associate,Link,Communicate,Connect,Communicate
أدار,administer,Spin,to manage,Translate: To turn,Turned
قتل,murder,Kill,kill,Kill,Kill
تابر,persist,To dance,Endure,Run,Endure
حيّا,greet,Live,live,Live,Welcome
دمّع,tear,Tear,tear,Cry,To tear
طارد,hunt,Chase,Chase,Chase,Chase
فسد,spoil,Corrupt,corrupt,Corrupt,corrupt
سطّر,line,Write,Write,Write,Write
بارك,bless,Celebrate,to bless,Congratulate,congratulate
ختارق,penetrate,Choose,Escape,Choose,Choose
ضاعف,multiply,Double,double,Double,Double
دمج,merge,Merge,Merge,Merge,Merge
درّب,coach,Train,Train,Train,Train
جفّ,drain,Dry,Dry,Dry,Dry
ستنزف,drain,bleed,bleed,Bleed,Bleed
كفا,suffice,Stop,Stop,Stop,Stop
فتارض,presume,Accept,Agree,Accept,Accept
صيّد,fish,Fish,hunt,Catch,Catch
تقدّا,shop,Predict,predict,Predict,"Anticipate

Anticipate"
تسابق,race,Race,race,Race,Race
شرّف,honor,Honor,honor,Honor,honor
جمّد,freeze,Freeze,Freeze,Freeze,Freeze
داوا,cure,Try,Try,Try,Treat
عالج,cure,Treat,Treat,"Treat

Treat",Treat
تبادل,swap,Exchange,exchange,Exchange,exchange
تحمّل,endure,Bear,bear,Bear,Bear
طارد,chase,Chase,Chase,Chase,Chase
ستهلك,consume,Eat,consume,Eat,consume
خشا,insert,Enter,fear,Enter,Enter
تسنّا,await,Wait,wait,Wait,Wait
نجارف,drift,Laughing,Succeed,Laugh,carve
بدّل,substitute,Change,change,Change,change
ستسلم,surrender,Deliver,Submit,Deliver,Deliver
زيّر,wind,Visit,Visit,Visit,Visit
قلّص,contract,Shrink,Reduce,Reduce,Reduce
ميّز,differentiate,Differentiate,distinguish,Differentiate,distinguish
علن,advertise,Announce,announce,Declare,Declare
صالح,reconcile,To pray,repair,Sell,To fix
تصوّر,project,Imagine,Imagine,Imagine,Imagine
نسّق,co-ordinate,Coordinate,Organize,Organize,Organize
فرڭع,snap,Jump,Jump,Jump,Jump
لعن,damn,Curse,curse,Curse,Curse
طيّب,bake,To be good,To make,Translate: To clean,To make it good or to be good.
طوا,fold,Cooking,Fly,Cook,Fold
تنازل,concede,Resign,resign,Resign,resign
جدّد,renew,Renew,Renew,Renew,Renew
صاغ,formulate,Craft,to forge,Crafted,Craft
خلّط,confuse,Mix,Mix,Mix,Mix
حدّ,maximize,Laugh,speak,Limit,limit
مسح,sweep,Wipe,wipe,Wipe,wipe
وجّه,steer,Direct,direct,Direct,Direct
تساهل,indulge,Ease,tolerate,Ease,Indulge
خفّض,decrease,Lower,Lower,Reduce,Lower
حجز,reserve,Book,book,Book,Book
رزرڤا,reserve,Reserve,Reserve,Reserve,reserve
ستقبل,host,Accept,receive,Accept,Receive
تطوّر,evolve,Evolve,develop,Evolve,evolve
رعا,foster,Take care,Take care,Take care of,Take care
عڭّز,discourage,Laugh,teach,Lock,encourage
طوّق,curb,Choke,To leash,"Collar

طوّق - Collar",restrain
خصّص,dedicate,Dedicate,dedicate,Allocate,dedicate
شرف,supervise,Honor,honor,Translate: Honor,Honor
تلاشا,fade,Disappear,Search,Disappear,Search
دعم,endorse,Support,Support,Support,Support
أدان,condemn,Condemn,condemn,Condemn,"Condemn

Lemma: Condemn"
حجز,book,Book,book,Book,Book
صلح,reform,Fix,repair,Fix,repair
عاقب,punish,Punish,Punish,"Punish

عاقب - Punish",Punish
فرڭع,bang,Jump,Jump,Jump,Jump
ستعرض,outline,Present,present,Present,Present
قلّل,diminish,Reduce,reduce,Reduce,Reduce
ساد,prevail,Rule,Lead,Help,Lead
نقّز,leap,Jump,Jump,Jump,Jump
لوا,wrap,Eat,See,Translate: To find,"translate: to say
lemma: say"
تفاهم,compromise,Understand,understand,Understand,Understand
راب,collapse,rap,Wrap,Rap,"Rap

Lemma: Rap"
حما,safeguard,Protect,Protect,Protect,Protect
منع,inhibit,Prohibit,prevent,Prohibit,prevent
غوّت,scream,Dance,Sleep,Go,Dig
تواعد,date,Date,date,Date,date
مسح,delete,Wipe,wipe,Clean,Wipe
حقق,attain,Achieve,Achieve,Achieve,Achieve
كره,dislike,Hate,hate,"Hate

Root: Hate",Hate
تصوّر,conceive,Imagine,Imagine,Imagine,Imagine
ملا,dictate,Eat,Fill,Eat,Fill
وحّد,unite,Unify,Unify,Unify,Unify
ستورد,import,Import,import,Import,import
بنا,rebuild,Build,build,Build,Build
زداهر,flourish,Laugh,to appear,Laugh,Expose
نتاقد,criticize,Critique,criticize,Critique,criticize
غلا,boil,Love,Love,Love,love
غلا,inflate,Love,Love,Love,love
هرب,flee,Escape,escape,Escape,Escape
بدا,commence,Start,start,Start,start
مدح,praise,Praise,praise,"Praise

Root: Praise",praise
بلاصا,park,Dance,to replace,Sit,place
ميّز,discriminate,Distinguish,distinguish,Differentiate,distinguish
تبع,track,Follow,Follow,Follow,Follow
طوّق,enclose,To walk.,To leash,"Collar

طوّق -> Collar",restrain
قابل,interview,Meet,meet,Meet,meet
شدّد,tighten,Strengthen,strengthen,Emphasize,Emphasize
لوّن,color,Color,Color,Color,Colorize
غامر,venture,Risk,risk,Risk,"To venture, to dare."
خمّن,speculate,Guess,Guess,"Guess

Next step: خمّن - Guess",Guess
قدّر,speculate,Appreciate,estimate,Appreciate,Appreciate
غادر,depart,Leave,leave,Leave,leave
قاطع,interrupt,Interrupt,Interrupt,Interrupt,Cut
موّه,disguise,Laugh,Deceive,Laugh,"Deceive

Lemma: Deceive"
نتاخب,elect,Laugh,Choose,Laugh,elect
تحمّل,withstand,Bear,bear,Bear,Bear
كبح,restrain,Control,restrain,Control,restrain
نما,thrive,Sleep,sleep,Grow,Grow
عاود,echo,Repeat,Repeat,Repeat,Repeat
نحارف,divert,Drive,speak,Search,deviate
قلا,fry,Say,say,Say,cook
داب,dissolve,Walk,To crawl,Run,crawl
عدّل,edit,Modify,modify,Modify,modify
جمّع,assemble,Gather,collect,Collect,gather
خرّب,ruin,Destroy,Destroy,Destroy,destroy
سرّع,accelerate,Speed,speed,Speed up,Hurry
تصور,envisage,Imagine,Imagine,Imagine,Imagine
هنّأ,congratulate,Congratulate,congratulate,Congratulate,congratulate
ستردّ,retrieve,Reply,answer,Reply,reply
هبط,descend,Descend,descend,Descend,descend
وڭّف,suspend,Laugh,Understand,Laugh,convince
جرّب,experiment,Try,Try,Try,Try
خلع,frighten,Take off,take off,Take off,Take off
قولب,fool,Say,Say,Change,Turn
ألهم,inspire,Inspire,Inspire,Inspire,Inspire
شافا,heal,See,See,See,See
ضبط,master,Adjust,Adjust,Adjust,To adjust
كمّل,terminate,كمّل - Complete,Complete,"Complete

**Note: The verb ""كمّل"" in Moroccan Arabic means ""to complete"" in English.**",Complete
عدّل,amend,Edit,modify,Modify,modify
خدش,scratch,Scratch,Take,Take,Take
ستلزم,entail,Require,require,Require,Require
نفّد,execute,Run,To exhaust,Run out,Deplete
عدم,execute,Avoid,to refuse,Avoid,To count
وطّد,consolidate,Strengthen,Strengthen,Strengthen,strengthen
دوّر,round,Search,Search,Search,Search
عزل,isolate,Isolate,Isolate,Isolate,"Isolate

Lemma: Isolate"
برّر,warrant,Justify,Justify,Justify,"Justify

justify"
ضعّف,weaken,Double,weaken,Weaken,Weaken
تمشّا,march,Walk,walk,Walk,Walk
بغا,desire,Want,want,Want,want
وسّع,widen,Expand,Expand,Expand,Expand
دردش,chat,Chat,chat,Chat,chatting
ركب,board,Install,Install,Install,Install
ختارع,invent,Choose,Choose,Choose,Choose
صنع,manufacture,Make,make,Make,Make
سدّ,seal,Block,block,Block,Block
راجع,reconsider,Review,review,Review,Review
مصّ,suck,Suck,Suck,Drink,Suck
صوّر,picture,Take a picture,To film,Take a picture,Photograph
صطادم,crash,Clash,Collide,"Crash

Crash","Collide

Collide"
فرشخ,crash,Laugh,To spread,Sleep,Spread
نقل,transport,Move,move,Transfer,Transfer
بلوكا,plug,Block,Block,Block,block
عيّن,assign,Appoint,Appoint,Appoint,Appoint
ستفسر,inquire,Ask,inquire,Ask,Inquire
صيّد,trap,Fish,hunt,Catch,Hunt
دوّر,surround,Search,Search,Search,Search
تناقش,debate,Discuss,discuss,Discuss,discuss
طوّر,upgrade,Develop,Develop,Develop,Develop
زيّن,decorate,Decorate,decorate,Decorate,Adorn
جمع,accumulate,Gather,to collect,Collect,gather
ستاغلّ,profit,Enjoy,Work,Enjoy,To work
ورت,inherit,Dance,bring,Run,plant
خربق,disrupt,Flirt,to jump,Break,Chew
خنق,choke,Strangle,strangle,"Strangle

---

خنق -> Strangle",Choke
دافع,plead,Pay,pay,Pay,repel
غمّس,dip,Dip,Dip,Dip,Dip
شتارك,subscribe,Participate,Participate,Participate,"Participate

Participate"
علّم,educate,Teach,teach,Teach,Teach
طلّق,divorce,Divorce,Divorce,Divorce,Divorce
غزل,spin,Flirt,Flirt,"Flirt

Flirt",flirt
شوّش,obscure,Whisper,whisper,Whisper,Confuse
تسلّل,creep,Sneak,sneak,Sneak,Sneak
حرّف,twist,Distort,distort,Distort,"Distort

Distort"
مزج,blend,Mix,mix,Mix,Mix
راجع,revise,Review,review,Review,Review
نسب,attribute,Forget,forget,Forget,attribute
نفاجر,explode,Argue,Deny,Rebel,Rebel
سكن,dwell,Live,live,Live,live
خفّف,alleviate,Lighten,Lighten,Lighten,Lighten
عالج,remedy,Treat,Treat,"Treat

Treat",Treat
رشد,instruct,Guide,Grow,Guide,Grow
تسرّب,spill,Leak,leak,leak,leak
فهم,comprehend,Understand,understand,Understand,Understand
رطّب,soften,Moisturize,Moisten,Moisten,Moisten
شيّر,wave,Laugh,To sell,Change,Translate: Buy
سطوكا,stock,Steal,Steal,Steal,Robbery
وضع,position,Put,put,Put,put
أمّن,insure,Secure,Believe,Secure,Protect
نخارط,adhere,Laugh,Dig,Draw,Dig
تشبّت,cling,Hold on,insist,Hold on,cling
ستدعا,summon,Call,to call,Call,invite
وڭف,pause,Listen,Stand,Listen,stop
وقف,pause,Stop,stop,Stop,stand
خوا,empty,Want,Want,Go,want
رتّب,classify,Arrange,arrange,Arrange,arrange
تحمّل,afford,Endure,bear,Bear,"Endure

Endure"
تسمع,sound,Listen,hear,Listen,hear
نقّط,grade,Point,to dot,Drop,dot
رجع,revert,Come,return,Return,Return
قيّم,value,Evaluate,evaluate,Evaluate,Evaluate
جازا,award,Jaza,reward,Reward,Reward
كافح,strive,Struggle,Fight,"Struggle

Root: Struggl","Struggle

Lemma: Struggle"
بلّغ,notify,Inform,reach,Inform,inform
طفا,turn off,Turn off,turn off,Turn off,Turn off
ريّح,sit down,Relax,Smell,Relax,To smell
غش,cheat,Cheating,Cheat,cheat,cheat
قشّر,peel,Peel,Peel,Peel,Peel
